Date,Price
1/1/2006,569.8651685
1/2/2006,593.2719298
1/3/2006,606.4711934
1/4/2006,576.9327731
1/5/2006,573.8125
1/6/2006,576.1769912
1/7/2006,548.1674877
1/8/2006,528.1304348
1/9/2006,543.1951754
1/10/2006,540.0598291
1/11/2006,504.0496894
1/12/2006,525.1476793
1/13/2006,541.6596639
1/14/2006,507.0617284
1/15/2006,517.2
1/16/2006,532.6835443
1/17/2006,555.5191489
1/18/2006,541.5647059
1/19/2006,546.5629921
1/20/2006,536.4256198
1/21/2006,539.9392523
1/22/2006,510.1685393
1/23/2006,504.3165829
1/24/2006,501.2863436
1/25/2006,489.5127119
1/26/2006,466.3796296
1/27/2006,533.0711297
1/28/2006,480.2696078
1/29/2006,469.0833333
1/30/2006,525.535865
1/31/2006,498.1666667
2/1/2006,485.9565217
2/2/2006,496.7286325
2/3/2006,484.3661972
2/4/2006,498.527907
2/5/2006,446.3235294
2/6/2006,520.5365854
2/7/2006,476.4074074
2/8/2006,466.6134454
2/9/2006,447.8186813
2/10/2006,472.2347826
2/11/2006,460.9945652
2/12/2006,443.4693878
2/13/2006,469.9875
2/14/2006,465.8776371
2/15/2006,468.2459016
2/16/2006,450.5273438
2/17/2006,498.9118943
2/18/2006,471.9598214
2/19/2006,462.1188119
2/20/2006,489.5846774
2/21/2006,466.2393162
2/22/2006,447.1413502
2/23/2006,472.5603448
2/24/2006,485.6625514
2/25/2006,468.7149758
2/26/2006,460.4725275
2/27/2006,474.3348214
2/28/2006,489.1082949
3/1/2006,480.0905172
3/2/2006,477.188
3/3/2006,523.7392996
3/4/2006,478.339207
3/5/2006,473.9137931
3/6/2006,482.6806723
3/7/2006,493.8562992
3/8/2006,488.452381
3/9/2006,485.9296875
3/10/2006,496.6830189
3/11/2006,488.7291667
3/12/2006,470.8348624
3/13/2006,494.0040984
3/14/2006,504.0568182
3/15/2006,526.01
3/16/2006,512.0666667
3/17/2006,510.4375
3/18/2006,512.0588235
3/19/2006,483.46
3/20/2006,524.387931
3/21/2006,504.8780488
3/22/2006,494.6949153
3/23/2006,504.8625
3/24/2006,506.9595142
3/25/2006,504.879397
3/26/2006,481.475
3/27/2006,510.2792793
3/28/2006,504.9372385
3/29/2006,508.7048458
3/30/2006,488.3842105
3/31/2006,520.5120773
4/1/2006,508.7837079
4/2/2006,519.3461538
4/3/2006,508.009434
4/4/2006,519.0548246
4/5/2006,520.081448
4/6/2006,503.6
4/7/2006,521.7387387
4/8/2006,525.8648649
4/9/2006,523.627451
4/10/2006,528.30837
4/11/2006,512.6428571
4/12/2006,526.4889381
4/13/2006,522.3169014
4/14/2006,504.9869281
4/15/2006,525.2673797
4/16/2006,520.588785
4/17/2006,528.8863636
4/18/2006,537.1168224
4/19/2006,533.3640553
4/20/2006,546.6709957
4/21/2006,540.537037
4/22/2006,554.2261307
4/23/2006,545.990099
4/24/2006,551.6674528
4/25/2006,554.1542056
4/26/2006,539.0542453
4/27/2006,596.741784
4/28/2006,587.8590909
4/29/2006,607.8707865
4/30/2006,563.1969697
5/1/2006,539.9937888
5/2/2006,560.535
5/3/2006,544.2045455
5/4/2006,563.3119266
5/5/2006,557.1898148
5/6/2006,564.3341837
5/7/2006,555.8461538
5/8/2006,563.57
5/9/2006,558.2051282
5/10/2006,572.2342342
5/11/2006,565.2657005
5/12/2006,564.8301435
5/13/2006,548.4014085
5/14/2006,565.35
5/15/2006,576.6582915
5/16/2006,568.5182292
5/17/2006,584.4247573
5/18/2006,580.4449541
5/19/2006,589.5969388
5/20/2006,581.2055556
5/21/2006,565.7727273
5/22/2006,598.5225
5/23/2006,589.9108911
5/24/2006,580.3725
5/25/2006,595.0577889
5/26/2006,598.0243902
5/27/2006,587.7205882
5/28/2006,582.1621622
5/29/2006,595.2291667
5/30/2006,604.2473684
5/31/2006,606.0802139
6/1/2006,593.3094059
6/2/2006,595.6382488
6/3/2006,596.49
6/4/2006,586.1413043
6/5/2006,596.8638498
6/6/2006,600.9014423
6/7/2006,604.3018868
6/8/2006,608.7847534
6/9/2006,596.9078341
6/10/2006,598.8247126
6/11/2006,611.5876289
6/12/2006,623.5552995
6/13/2006,617.0357143
6/14/2006,624.8868778
6/15/2006,621.3621495
6/16/2006,618.5514706
6/17/2006,624.5864865
6/18/2006,621.4526316
6/19/2006,616.8078704
6/20/2006,633.1849315
6/21/2006,635.923913
6/22/2006,637.9227468
6/23/2006,640.0253456
6/24/2006,623.1324324
6/25/2006,630.8461538
6/26/2006,634.788835
6/27/2006,619.1370968
6/28/2006,633.0650224
6/29/2006,623.2031963
6/30/2006,643.1282051
7/1/2006,627.0374332
7/2/2006,603.44
7/3/2006,624.5022727
7/4/2006,629.623348
7/5/2006,630.6983122
7/6/2006,630.6348548
7/7/2006,636.9569672
7/8/2006,620.1782178
7/9/2006,614.6576577
7/10/2006,643.3469388
7/11/2006,643.8195021
7/12/2006,635.484127
7/13/2006,643.7703252
7/14/2006,646.1050584
7/15/2006,630.7744681
7/16/2006,618.3590909
7/17/2006,637.6693548
7/18/2006,646.2821012
7/19/2006,643.8282443
7/20/2006,646.2851563
7/21/2006,649.804
7/22/2006,639.3472222
7/23/2006,626.0784314
7/24/2006,623.300905
7/25/2006,646.9070248
7/26/2006,638.5381356
7/27/2006,647.242
7/28/2006,644.56639
7/29/2006,637.4433498
7/30/2006,626.3804348
7/31/2006,649.7169811
8/1/2006,640.8458333
8/2/2006,677.453125
8/3/2006,621.2380952
8/4/2006,640.6047431
8/5/2006,639.0517241
8/6/2006,614
8/7/2006,635.6893617
8/8/2006,640.5864979
8/9/2006,636.2511848
8/10/2006,632.032
8/11/2006,639.8117155
8/12/2006,623.5340314
8/13/2006,624.4529915
8/14/2006,637.0462963
8/15/2006,596.6422764
8/16/2006,623.3978495
8/17/2006,629.6721992
8/18/2006,655.2231076
8/19/2006,639.784141
8/20/2006,624.5897436
8/21/2006,648.3843137
8/22/2006,645.6434109
8/23/2006,634.6641221
8/24/2006,637.5703125
8/25/2006,637.0372549
8/26/2006,640.7918552
8/27/2006,621.5607477
8/28/2006,640.0875
8/29/2006,656.3165323
8/30/2006,653.3583333
8/31/2006,655.7510121
9/1/2006,662.077381
9/2/2006,651.0232068
9/3/2006,644.3140496
9/4/2006,637.7428571
9/5/2006,652.6113445
9/6/2006,649.6741803
9/7/2006,665.6911765
9/8/2006,670.704
9/9/2006,654.195122
9/10/2006,665.664
9/11/2006,681.55
9/12/2006,683.4340426
9/13/2006,683.988417
9/14/2006,667.3140496
9/15/2006,681.1193416
9/16/2006,681.4847162
9/17/2006,661.496
9/18/2006,685.6785714
9/19/2006,695.3856502
9/20/2006,686.8225108
9/21/2006,700.5368664
9/22/2006,705.1221719
9/23/2006,697.4311224
9/24/2006,694.3269231
9/25/2006,697.6790393
9/26/2006,712.969163
9/27/2006,714.5873362
9/28/2006,713.421659
9/29/2006,784.4462366
9/30/2006,822.0208333
10/1/2006,881.6144578
10/2/2006,804.4827586
10/3/2006,799.6368159
10/4/2006,713.5576037
10/5/2006,729.5847458
10/6/2006,744.6712329
10/7/2006,742.5706522
10/8/2006,727.8015873
10/9/2006,755.9855769
10/10/2006,730.8520179
10/11/2006,747.7628205
10/12/2006,745.0895197
10/13/2006,743.3110048
10/14/2006,720.2222222
10/15/2006,730.7435897
10/16/2006,734.2701422
10/17/2006,745.2976744
10/18/2006,739.7042254
10/19/2006,748.6696429
10/20/2006,756.923913
10/21/2006,734.1825397
10/22/2006,740.3513514
10/23/2006,745.1011905
10/24/2006,757.8951049
10/25/2006,766.7810458
10/26/2006,779.6220096
10/27/2006,803.7581395
10/28/2006,807.885906
10/29/2006,834.8367347
10/30/2006,829.8780488
10/31/2006,847.4534884
11/1/2006,863.3
11/2/2006,865.5650224
11/3/2006,873.3767442
11/4/2006,882.1144279
11/5/2006,841.010101
11/6/2006,858.6699507
11/7/2006,854.502439
11/8/2006,846.4418605
11/9/2006,833.6238532
11/10/2006,817.5586854
11/11/2006,796.8734177
11/12/2006,782.2
11/13/2006,797.0564103
11/14/2006,799.0695187
11/15/2006,766.5647668
11/16/2006,764.4698795
11/17/2006,750.7431694
11/18/2006,725.7947368
11/19/2006,733.1382979
11/20/2006,732.4371859
11/21/2006,705.6
11/22/2006,700.7061856
11/23/2006,699.7845304
11/24/2006,688.8787879
11/25/2006,665.9181287
11/26/2006,626.9125
11/27/2006,659.2063492
11/28/2006,650.4324324
11/29/2006,637.9659091
11/30/2006,594.8543689
12/1/2006,604.260274
12/2/2006,601.8654822
12/3/2006,570.2903226
12/4/2006,590.8080808
12/5/2006,577.2827225
12/6/2006,600.673913
12/7/2006,588.697561
12/8/2006,580.2216981
12/9/2006,567.3246753
12/10/2006,565.2527473
12/11/2006,567.4516129
12/12/2006,575.5745856
12/13/2006,561.7176471
12/14/2006,505.3546798
12/15/2006,522.6731602
12/16/2006,502.1675127
12/17/2006,470.18
12/18/2006,497.1176471
12/19/2006,473.3923445
12/20/2006,489.2857143
12/21/2006,462.5616438
12/22/2006,462.2663551
12/23/2006,456.8785311
12/24/2006,432.0515464
12/25/2006,433.6046512
12/26/2006,456.8461538
12/27/2006,435.3685567
12/28/2006,405.7731959
12/29/2006,443.4623656
12/30/2006,439.1962025
12/31/2006,451.2878788
1/1/2007,440.7984496
1/2/2007,418.1014851
1/3/2007,431.7079439
1/4/2007,410.1121495
1/5/2007,439.3181818
1/6/2007,432.1138889
1/7/2007,421.9708738
1/8/2007,424.0243902
1/9/2007,388.1728972
1/10/2007,417.0047393
1/11/2007,412.2415459
1/12/2007,397.4450262
1/13/2007,372.3793103
1/14/2007,384.8636364
1/15/2007,392.456044
1/16/2007,403.1853659
1/17/2007,397.3925234
1/18/2007,386.3899083
1/19/2007,391.5
1/20/2007,382.6512821
1/21/2007,369.6725664
1/22/2007,391.0325581
1/23/2007,367.3730159
1/24/2007,370.3685345
1/25/2007,361.6
1/26/2007,342.7142857
1/27/2007,371.5965909
1/28/2007,354.8181818
1/29/2007,372.6909548
1/30/2007,379.7586207
1/31/2007,379.8641304
2/1/2007,385.6891892
2/2/2007,397.8526316
2/3/2007,363.5894737
2/4/2007,349.0186916
2/5/2007,380.4178404
2/6/2007,370.7625571
2/7/2007,374.0752212
2/8/2007,384.8783186
2/9/2007,385.751073
2/10/2007,375.3409091
2/11/2007,385.0148515
2/12/2007,403.5073892
2/13/2007,417.7838542
2/14/2007,428.0978261
2/15/2007,425.3881579
2/16/2007,384.0248447
2/17/2007,418.3910891
2/18/2007,394.5049505
2/19/2007,427.3373786
2/20/2007,423.744186
2/21/2007,411.4560185
2/22/2007,413.1981982
2/23/2007,427.4427966
2/24/2007,417.1020408
2/25/2007,418.5210526
2/26/2007,439.1969697
2/27/2007,423.2545045
2/28/2007,439.5966184
3/1/2007,439.3389831
3/2/2007,437.0535714
3/3/2007,453.3448276
3/4/2007,455.5307692
3/5/2007,490.8663594
3/6/2007,457.0186722
3/7/2007,474.9897119
3/8/2007,457.8053279
3/9/2007,485.9978166
3/10/2007,455.0412088
3/11/2007,447.5136364
3/12/2007,476.0193966
3/13/2007,496.1502242
3/14/2007,491.1127049
3/15/2007,491.3
3/16/2007,498.0614035
3/17/2007,497.8248848
3/18/2007,475.8289474
3/19/2007,493.9288991
3/20/2007,508.3304348
3/21/2007,499.7826087
3/22/2007,511.1052632
3/23/2007,505.583691
3/24/2007,499.0365297
3/25/2007,484.7830189
3/26/2007,507.627193
3/27/2007,514.5689655
3/28/2007,510.2041667
3/29/2007,511.5638298
3/30/2007,520.8558559
3/31/2007,516.5815603
4/1/2007,495.3644068
4/2/2007,503.7511312
4/3/2007,508.5976563
4/4/2007,500.1299213
4/5/2007,491.6530612
4/6/2007,481.712766
4/7/2007,514.2272727
4/8/2007,504.0909091
4/9/2007,520.6487603
4/10/2007,534.0454545
4/11/2007,531.9105691
4/12/2007,524.1327801
4/13/2007,552.4778761
4/14/2007,516.852071
4/15/2007,523.0769231
4/16/2007,563.9191489
4/17/2007,557.6536697
4/18/2007,567.3242009
4/19/2007,570.9506726
4/20/2007,559.6336406
4/21/2007,559.8082524
4/22/2007,562.0756303
4/23/2007,578.9779736
4/24/2007,579.7521368
4/25/2007,595.8278689
4/26/2007,589.6834061
4/27/2007,595.9305556
4/28/2007,587.529703
4/29/2007,579.9411765
4/30/2007,611.0459184
5/1/2007,589.0217391
5/2/2007,588.8755981
5/3/2007,603.1280992
5/4/2007,618.5080645
5/5/2007,603.6953488
5/6/2007,594.0730769
5/7/2007,615.2378855
5/8/2007,618.9342105
5/9/2007,610.6386555
5/10/2007,618.1168033
5/11/2007,634.2576419
5/12/2007,601.5947368
5/13/2007,607.7903226
5/14/2007,631.0330396
5/15/2007,627.8829787
5/16/2007,619.2765957
5/17/2007,642.4541667
5/18/2007,624.7488889
5/19/2007,627
5/20/2007,627.1792453
5/21/2007,640.9852941
5/22/2007,658.6759777
5/23/2007,644.2121212
5/24/2007,644.5671642
5/25/2007,656.3680203
5/26/2007,627.6889535
5/27/2007,611.1764706
5/28/2007,649.1761658
5/29/2007,652.6635514
5/30/2007,639.1658163
5/31/2007,650.2528736
6/1/2007,645.7534247
6/2/2007,642.2410714
6/3/2007,632.6014493
6/4/2007,653.105042
6/5/2007,658.1052632
6/6/2007,644.4901186
6/7/2007,657.3292181
6/8/2007,659.4096639
6/9/2007,638.6039604
6/10/2007,651.859375
6/11/2007,676.3795181
6/12/2007,661.257874
6/13/2007,662.8387097
6/14/2007,658.5745968
6/15/2007,676.2857143
6/16/2007,654.0588235
6/17/2007,665.3174603
6/18/2007,671.7041667
6/19/2007,689.1304348
6/20/2007,673.2136752
6/21/2007,688.2148438
6/22/2007,681.5082645
6/23/2007,672.1806167
6/24/2007,684.891129
6/25/2007,692.5475207
6/26/2007,701.4711934
6/27/2007,693.2056452
6/28/2007,693.7757202
6/29/2007,711.7751004
6/30/2007,710.5282486
7/1/2007,701.5378151
7/2/2007,716.8059072
7/3/2007,719.4133065
7/4/2007,711.9566929
7/5/2007,723.695122
7/6/2007,719.5228216
7/7/2007,722.6116279
7/8/2007,723.0664063
7/9/2007,729.2077922
7/10/2007,739.5555556
7/11/2007,726.4897119
7/12/2007,730.5775194
7/13/2007,755.487395
7/14/2007,719.2030457
7/15/2007,717.952
7/16/2007,730.5340426
7/17/2007,737.0189873
7/18/2007,732.5980392
7/19/2007,730.2057613
7/20/2007,728.2176471
7/21/2007,720.0974026
7/22/2007,721.8846154
7/23/2007,735.1857143
7/24/2007,727.6365546
7/25/2007,729.8694779
7/26/2007,739.7212766
7/27/2007,734.5922747
7/28/2007,734.6683673
7/29/2007,740.3185841
7/30/2007,753.5669643
7/31/2007,753.0990338
8/1/2007,742.1100386
8/2/2007,743.5910853
8/3/2007,731.0518519
8/4/2007,738.7777778
8/5/2007,741.979021
8/6/2007,737.5569853
8/7/2007,737.0802239
8/8/2007,738.5341365
8/9/2007,749.5830258
8/10/2007,743.862963
8/11/2007,732.5409091
8/12/2007,726.5769231
8/13/2007,749.9962687
8/14/2007,744.9670782
8/15/2007,717.6452703
8/16/2007,747.6542553
8/17/2007,736.1648936
8/18/2007,735.2686275
8/19/2007,726.3687943
8/20/2007,739.5180723
8/21/2007,740.8649635
8/22/2007,731.2011719
8/23/2007,752.7366412
8/24/2007,754.4356618
8/25/2007,742.2655602
8/26/2007,723.1975806
8/27/2007,746.3374486
8/28/2007,731.6334842
8/29/2007,740.7015504
8/30/2007,766.311828
8/31/2007,749.1631356
9/1/2007,745.1890756
9/2/2007,722.775641
9/3/2007,736.7862595
9/4/2007,742.0917031
9/5/2007,745.962585
9/6/2007,755.1666667
9/7/2007,754.9166667
9/8/2007,767.6068182
9/9/2007,736.5163399
9/10/2007,737.1757813
9/11/2007,749.7
9/12/2007,742.7466216
9/13/2007,744.2076125
9/14/2007,746.1298246
9/15/2007,720.2368421
9/16/2007,724.1717791
9/17/2007,754.3579336
9/18/2007,755.2867384
9/19/2007,750.2408027
9/20/2007,756.5239726
9/21/2007,758.6421053
9/22/2007,758.0794979
9/23/2007,738.2297297
9/24/2007,781.8215768
9/25/2007,751.5742188
9/26/2007,748.1826923
9/27/2007,766.8181818
9/28/2007,775.1704981
9/29/2007,769.2803347
9/30/2007,766.5740741
10/1/2007,780.7755102
10/2/2007,743.3233533
10/3/2007,769.9654472
10/4/2007,789.4784314
10/5/2007,771.2007874
10/6/2007,773.7586207
10/7/2007,749.8671329
10/8/2007,795.9354839
10/9/2007,780.5018182
10/10/2007,767.5877863
10/11/2007,779.2329749
10/12/2007,773.7859922
10/13/2007,741.5299539
10/14/2007,760.2898551
10/15/2007,756.4503817
10/16/2007,780.6214286
10/17/2007,769.9667897
10/18/2007,767.3705179
10/19/2007,758.5
10/20/2007,754.8867925
10/21/2007,763.9393939
10/22/2007,789.2744361
10/23/2007,785.780303
10/24/2007,774.9815498
10/25/2007,779.4538153
10/26/2007,771.5877551
10/27/2007,756.1554622
10/28/2007,751.7591241
10/29/2007,771.3913043
10/30/2007,759.1291667
10/31/2007,785.8878049
11/1/2007,773.9957983
11/2/2007,782.5062241
11/3/2007,764.6811594
11/4/2007,741.122449
11/5/2007,758.3930131
11/6/2007,763.4422311
11/7/2007,756.2438017
11/8/2007,742.4895397
11/9/2007,732.8253012
11/10/2007,724.4274809
11/11/2007,729.7322835
11/12/2007,762.1460177
11/13/2007,754.4
11/14/2007,750.1356589
11/15/2007,739.5458333
11/16/2007,734.924812
11/17/2007,722.2547529
11/18/2007,697.6993464
11/19/2007,708.5833333
11/20/2007,706.8608059
11/21/2007,706.1103203
11/22/2007,711.8356643
11/23/2007,708.3710247
11/24/2007,700.8720379
11/25/2007,700.1608392
11/26/2007,708.7340426
11/27/2007,717.0373134
11/28/2007,711.0898438
11/29/2007,711.8129496
11/30/2007,728.9142857
12/1/2007,713.0198413
12/2/2007,686.9936709
12/3/2007,718.9471947
12/4/2007,693.0387324
12/5/2007,697.1710963
12/6/2007,704.442053
12/7/2007,684.3252595
12/8/2007,632.5087719
12/9/2007,628.1290323
12/10/2007,661.2389706
12/11/2007,645.6678201
12/12/2007,648.6802721
12/13/2007,644.7275862
12/14/2007,620.6267606
12/15/2007,614.9469697
12/16/2007,578.1125828
12/17/2007,611.5878136
12/18/2007,611.870229
12/19/2007,599.3076923
12/20/2007,580.5289575
12/21/2007,543.66
12/22/2007,575.1016949
12/23/2007,560.0921986
12/24/2007,568.0114068
12/25/2007,516.7823834
12/26/2007,552.9205776
12/27/2007,565.5055351
12/28/2007,545.9076923
12/29/2007,525.7478261
12/30/2007,513.3710938
12/31/2007,547.9285714
1/1/2008,544.625
1/2/2008,530.7384106
1/3/2008,532.9280822
1/4/2008,548.5629139
1/5/2008,527.5059761
1/6/2008,509.4235294
1/7/2008,543.3804714
1/8/2008,523.6850649
1/9/2008,536.5811688
1/10/2008,531.2727273
1/11/2008,512.0761589
1/12/2008,488.0393701
1/13/2008,494.3081395
1/14/2008,515.019084
1/15/2008,494.4347826
1/16/2008,503.8175896
1/17/2008,507.278135
1/18/2008,499.1804636
1/19/2008,462.9588477
1/20/2008,455.1069182
1/21/2008,500.1932203
1/22/2008,501.8745819
1/23/2008,479.4204545
1/24/2008,486.8951613
1/25/2008,485.2398649
1/26/2008,458.6071429
1/27/2008,489.8896104
1/28/2008,498.97
1/29/2008,491.7435065
1/30/2008,484.1764706
1/31/2008,492.8846154
2/1/2008,484.7939189
2/2/2008,480.9861111
2/3/2008,448.7225434
2/4/2008,480.8896321
2/5/2008,490.6132075
2/6/2008,482.361204
2/7/2008,479.5394322
2/8/2008,481.1387097
2/9/2008,457.3571429
2/10/2008,442.9757576
2/11/2008,486.9083333
2/12/2008,479.6149068
2/13/2008,477.3258258
2/14/2008,473.0792683
2/15/2008,473.7299383
2/16/2008,477.3026316
2/17/2008,448.508427
2/18/2008,482.6015625
2/19/2008,470.1527331
2/20/2008,483.9633028
2/21/2008,474.2462687
2/22/2008,480.0241158
2/23/2008,469.4007092
2/24/2008,451.2839506
2/25/2008,482.8875
2/26/2008,487.9938272
2/27/2008,483.3037975
2/28/2008,483.7341772
2/29/2008,491.3344482
3/1/2008,479.2052117
3/2/2008,455.2189189
3/3/2008,479.1697248
3/4/2008,479.6132353
3/5/2008,465.2552553
3/6/2008,454.8656126
3/7/2008,478.9833333
3/8/2008,465.2140288
3/9/2008,450.3081081
3/10/2008,472.603125
3/11/2008,474.1797583
3/12/2008,478.9878419
3/13/2008,465.5142857
3/14/2008,468.9116667
3/15/2008,470.9046053
3/16/2008,447.9
3/17/2008,467.5117057
3/18/2008,462.7619863
3/19/2008,452.7166667
3/20/2008,438.2552448
3/21/2008,427.715
3/22/2008,453.9879032
3/23/2008,430.3333333
3/24/2008,455.7986577
3/25/2008,455.1964856
3/26/2008,445.4749216
3/27/2008,445.9705882
3/28/2008,455.5594406
3/29/2008,445.0502092
3/30/2008,423.7633588
3/31/2008,448.9825328
4/1/2008,467.9490196
4/2/2008,447.8206107
4/3/2008,434.8564189
4/4/2008,436.2679128
4/5/2008,429.7236842
4/6/2008,415.6911765
4/7/2008,425.2975779
4/8/2008,443.5083056
4/9/2008,430.097561
4/10/2008,429.1246246
4/11/2008,443.5897436
4/12/2008,412.1906615
4/13/2008,411.6896552
4/14/2008,416.279476
4/15/2008,435.2192982
4/16/2008,430.0780255
4/17/2008,448.4038462
4/18/2008,430.6893939
4/19/2008,448.9559322
4/20/2008,419.0294118
4/21/2008,447.640411
4/22/2008,440.2533333
4/23/2008,438.3552632
4/24/2008,443.5966667
4/25/2008,436.9295302
4/26/2008,444.12
4/27/2008,415.5666667
4/28/2008,441.1258741
4/29/2008,446.3475177
4/30/2008,441.8876404
5/1/2008,434.8175182
5/2/2008,426.9
5/3/2008,436.4142395
5/4/2008,415.6256983
5/5/2008,440.2289562
5/6/2008,436.2259136
5/7/2008,432.6979167
5/8/2008,426.4826389
5/9/2008,428.9901316
5/10/2008,424.3346008
5/11/2008,413.1767956
5/12/2008,446.2424242
5/13/2008,433.2189542
5/14/2008,424.8986486
5/15/2008,441.5755034
5/16/2008,435.7810458
5/17/2008,436.5222603
5/18/2008,428.1179775
5/19/2008,446.5243056
5/20/2008,447.1636364
5/21/2008,435.1414141
5/22/2008,438.3817568
5/23/2008,445.7623762
5/24/2008,448.0949821
5/25/2008,433.5600559
5/26/2008,448.6748252
5/27/2008,451.3216667
5/28/2008,444.2278689
5/29/2008,444.6627517
5/30/2008,451.0852843
5/31/2008,475.6473029
6/1/2008,463.5847953
6/2/2008,457.9125
6/3/2008,442.2788162
6/4/2008,453.5088757
6/5/2008,456.7459547
6/6/2008,471.2864407
6/7/2008,460.3233438
6/8/2008,450.9666667
6/9/2008,466.6740506
6/10/2008,465.1122754
6/11/2008,455.0238095
6/12/2008,459.3110749
6/13/2008,471.1787975
6/14/2008,447.5441176
6/15/2008,450.6777778
6/16/2008,468.216129
6/17/2008,469.3973941
6/18/2008,465.4220779
6/19/2008,465.4830769
6/20/2008,470.6837349
6/21/2008,468.4737654
6/22/2008,447.7527174
6/23/2008,476.5107692
6/24/2008,471.684375
6/25/2008,464.637224
6/26/2008,475.7415385
6/27/2008,476.2682927
6/28/2008,470.8013937
6/29/2008,453.1280488
6/30/2008,469.9011628
7/1/2008,472.1795666
7/2/2008,463.5
7/3/2008,470.0654952
7/4/2008,476.2885802
7/5/2008,481.6207951
7/6/2008,465.0257732
7/7/2008,473.03003
7/8/2008,468.3466077
7/9/2008,474.6205882
7/10/2008,480.2625
7/11/2008,475.8975904
7/12/2008,463.2596491
7/13/2008,469.1142132
7/14/2008,484.1482558
7/15/2008,484.7957317
7/16/2008,473.1706587
7/17/2008,492.1376147
7/18/2008,482.9939394
7/19/2008,474.7278287
7/20/2008,464.375
7/21/2008,476.0555556
7/22/2008,488.5468278
7/23/2008,489.8419244
7/24/2008,474.1222571
7/25/2008,472.8738318
7/26/2008,470.5257732
7/27/2008,465.9935484
7/28/2008,477.5582192
7/29/2008,493.0415225
7/30/2008,477.6942675
7/31/2008,480.3149606
8/1/2008,465.6533333
8/2/2008,465.8393443
8/3/2008,455.0111111
8/4/2008,464.7971698
8/5/2008,469.242236
8/6/2008,446.4375
8/7/2008,454.9356618
8/8/2008,465.6554307
8/9/2008,435.4386364
8/10/2008,439.471519
8/11/2008,471.051306
8/12/2008,457.3255396
8/13/2008,454.4792388
8/14/2008,442.912892
8/15/2008,420.5180723
8/16/2008,467.8055556
8/17/2008,438.7424242
8/18/2008,449.8629032
8/19/2008,454.3917683
8/20/2008,441.8474576
8/21/2008,462.4345794
8/22/2008,462.9985337
8/23/2008,445.8407534
8/24/2008,440.2554348
8/25/2008,448.5761905
8/26/2008,448.5240964
8/27/2008,442.0615836
8/28/2008,448.8583815
8/29/2008,467.1811146
8/30/2008,452.0318021
8/31/2008,470.8561151
9/1/2008,461.898827
9/2/2008,453.6584022
9/3/2008,428.3452381
9/4/2008,439.3478916
9/5/2008,461.9383954
9/6/2008,454.0863636
9/7/2008,444.9973822
9/8/2008,451.1482558
9/9/2008,439.0511696
9/10/2008,436.3323529
9/11/2008,450.5917431
9/12/2008,451.6268012
9/13/2008,421.202509
9/14/2008,435.6067708
9/15/2008,456.1906907
9/16/2008,454.9241071
9/17/2008,434.0153846
9/18/2008,441.1087613
9/19/2008,460.7522936
9/20/2008,443.5630915
9/21/2008,443.873057
9/22/2008,460.6715543
9/23/2008,465.4201183
9/24/2008,464.5211864
9/25/2008,469.6005666
9/26/2008,466.6068111
9/27/2008,465.7180328
9/28/2008,458.3532934
9/29/2008,464.1566667
9/30/2008,471.4031008
10/1/2008,443.4086687
10/2/2008,433.0344828
10/3/2008,462.4454277
10/4/2008,458.4887821
10/5/2008,433.3858696
10/6/2008,464.5533981
10/7/2008,452.8041237
10/8/2008,432.6906475
10/9/2008,433.4115226
10/10/2008,457.4221557
10/11/2008,433.8215613
10/12/2008,439.8722222
10/13/2008,457.4509202
10/14/2008,458.78125
10/15/2008,450.1266667
10/16/2008,463.4829193
10/17/2008,467.4967846
10/18/2008,462.3333333
10/19/2008,439.8029412
10/20/2008,458.3302469
10/21/2008,450.5615142
10/22/2008,465.9844721
10/23/2008,462.8414239
10/24/2008,462.2149837
10/25/2008,457.7364341
10/26/2008,431.8136646
10/27/2008,446.4498141
10/28/2008,466.8829787
10/29/2008,470.6057143
10/30/2008,471.4336283
10/31/2008,472.4824903
11/1/2008,445.0859107
11/2/2008,434.8
11/3/2008,450.1464968
11/4/2008,458.1563518
11/5/2008,445.1149826
11/6/2008,458.7434211
11/7/2008,467.0149007
11/8/2008,431.2178988
11/9/2008,426.5670391
11/10/2008,455.1986755
11/11/2008,448.9829352
11/12/2008,445.4377163
11/13/2008,453.8333333
11/14/2008,448.1590106
11/15/2008,442.4669421
11/16/2008,439.7254902
11/17/2008,488.6498195
11/18/2008,460.5409836
11/19/2008,443.3315018
11/20/2008,450.6472727
11/21/2008,441.8785714
11/22/2008,430.5
11/23/2008,428.2643678
11/24/2008,454.7179487
11/25/2008,439.9325843
11/26/2008,445.8933824
11/27/2008,440.5687023
11/28/2008,452.1724138
11/29/2008,446.4612069
11/30/2008,432.2317073
12/1/2008,417.7966667
12/2/2008,415.2178218
12/3/2008,409.3216561
12/4/2008,403.3993289
12/5/2008,394.93
12/6/2008,402.954386
12/7/2008,391.0994475
12/8/2008,399.8812709
12/9/2008,376.2377778
12/10/2008,398.3094463
12/11/2008,389.4661017
12/12/2008,379.0652174
12/13/2008,352.4130435
12/14/2008,361.5216216
12/15/2008,383.2084806
12/16/2008,365.2794643
12/17/2008,361.7096774
12/18/2008,355.8211679
12/19/2008,376.6067416
12/20/2008,361.9193548
12/21/2008,353.1025641
12/22/2008,361.6807692
12/23/2008,360.2390438
12/24/2008,365.4149378
12/25/2008,351.6
12/26/2008,375.5884956
12/27/2008,386.6045198
12/28/2008,373.6814159
12/29/2008,385.7603687
12/30/2008,365.0319149
12/31/2008,399.7356322
1/1/2009,345.736014
1/2/2009,357.3296875
1/3/2009,360.9261745
1/4/2009,344.7959184
1/5/2009,369.5383065
1/6/2009,365.4467681
1/7/2009,358.8794212
1/8/2009,339.5900383
1/9/2009,372.9937107
1/10/2009,358.264881
1/11/2009,370.5659341
1/12/2009,401.9196141
1/13/2009,385.579661
1/14/2009,367.229249
1/15/2009,369.3618881
1/16/2009,382.3104575
1/17/2009,373.3806228
1/18/2009,357.6810811
1/19/2009,360.8443709
1/20/2009,362.7968254
1/21/2009,360.6756757
1/22/2009,359.6226766
1/23/2009,368.3528302
1/24/2009,366.2324219
1/25/2009,377.7043796
1/26/2009,372.8291139
1/27/2009,378.425
1/28/2009,354.3963636
1/29/2009,375.8267857
1/30/2009,369.0368217
1/31/2009,370.8055556
2/1/2009,355.5477528
2/2/2009,377.993266
2/3/2009,355.9473684
2/4/2009,359.1683168
2/5/2009,367.5775076
2/6/2009,352.5744681
2/7/2009,356.0846395
2/8/2009,355.7512195
2/9/2009,353.6601307
2/10/2009,367.3780488
2/11/2009,362.5845697
2/12/2009,355.8911765
2/13/2009,363.5235988
2/14/2009,359.9591078
2/15/2009,380.4387755
2/16/2009,372.006192
2/17/2009,376.3152866
2/18/2009,373.5684039
2/19/2009,369.7711039
2/20/2009,382.0758514
2/21/2009,379.1033333
2/22/2009,390.7171429
2/23/2009,371.2278226
2/24/2009,383.1955128
2/25/2009,401.6676647
2/26/2009,403.712766
2/27/2009,403.1470588
2/28/2009,406.75
3/1/2009,415.7885572
3/2/2009,419.2582583
3/3/2009,423.816358
3/4/2009,424.0266272
3/5/2009,427.4755352
3/6/2009,433.8277439
3/7/2009,445.7665505
3/8/2009,446.2440476
3/9/2009,464.9653979
3/10/2009,435.0045872
3/11/2009,460.8169014
3/12/2009,472.7230483
3/13/2009,457.3613707
3/14/2009,447.7457627
3/15/2009,490.155914
3/16/2009,466.2464589
3/17/2009,467.4281525
3/18/2009,480.3930636
3/19/2009,487.1306818
3/20/2009,487.7320442
3/21/2009,498.158147
3/22/2009,503.3401015
3/23/2009,510.3818182
3/24/2009,516.0371517
3/25/2009,522.3872404
3/26/2009,529.0669782
3/27/2009,532.3591549
3/28/2009,526.9666667
3/29/2009,575.5555556
3/30/2009,567.6645367
3/31/2009,567.2981818
4/1/2009,581.338558
4/2/2009,576.9283668
4/3/2009,588.4991554
4/4/2009,599.132764
4/5/2009,616.425
4/6/2009,630.2296875
4/7/2009,619.3881119
4/8/2009,634.4937888
4/9/2009,642.5113269
4/10/2009,635.9963235
4/11/2009,650.0978261
4/12/2009,653.3172043
4/13/2009,692.4881757
4/14/2009,651.2677824
4/15/2009,675.0777385
4/16/2009,692.8767123
4/17/2009,711.5562914
4/18/2009,721.2912281
4/19/2009,716.5513514
4/20/2009,734.2282958
4/21/2009,729.3591549
4/22/2009,744.1525424
4/23/2009,738.8072727
4/24/2009,747.1157895
4/25/2009,753.2180451
4/26/2009,773.664557
4/27/2009,763.5888889
4/28/2009,762.7604167
4/29/2009,765.0918728
4/30/2009,761.9818182
5/1/2009,722.2350746
5/2/2009,757.4567308
5/3/2009,740.839779
5/4/2009,758.8492063
5/5/2009,765.0314465
5/6/2009,785.1666667
5/7/2009,797.0424354
5/8/2009,771.8934426
5/9/2009,743.9225941
5/10/2009,769.436747
5/11/2009,776.3643791
5/12/2009,772.0599315
5/13/2009,803.8858268
5/14/2009,788.3653846
5/15/2009,786.5742049
5/16/2009,776.2387755
5/17/2009,766.2116564
5/18/2009,811.0431894
5/19/2009,793.2739274
5/20/2009,797.8936877
5/21/2009,800.714511
5/22/2009,813.1009772
5/23/2009,810.1398601
5/24/2009,804.8397436
5/25/2009,823.486532
5/26/2009,805.212766
5/27/2009,805.8591549
5/28/2009,811.6328671
5/29/2009,822.5741445
5/30/2009,832.8119266
5/31/2009,861.3818182
6/1/2009,838.2570423
6/2/2009,823.9253472
6/3/2009,838.5182724
6/4/2009,858.216443
6/5/2009,852.3516667
6/6/2009,846.8884892
6/7/2009,852.7580645
6/8/2009,880.679868
6/9/2009,871.9421222
6/10/2009,865.096875
6/11/2009,884.1803797
6/12/2009,885.2232704
6/13/2009,871.9761905
6/14/2009,880.224359
6/15/2009,909.6900312
6/16/2009,924.7989691
6/17/2009,912.6135693
6/18/2009,915.2236422
6/19/2009,932.8585209
6/20/2009,928.0780142
6/21/2009,911.2179487
6/22/2009,942.85
6/23/2009,947.2066667
6/24/2009,933.752443
6/25/2009,960.9719551
6/26/2009,957.2175
6/27/2009,957.0223048
6/28/2009,978.9166667
6/29/2009,962.5034483
6/30/2009,969.1755725
7/1/2009,966.7591463
7/2/2009,982.3484848
7/3/2009,976.5405405
7/4/2009,981.0289389
7/5/2009,972.7865169
7/6/2009,986.9985423
7/7/2009,1004.231975
7/8/2009,1008.945869
7/9/2009,1018.946328
7/10/2009,1021.747059
7/11/2009,998.0202952
7/12/2009,1022.199405
7/13/2009,1027.89939
7/14/2009,1026.602374
7/15/2009,1022.084615
7/16/2009,1022.97561
7/17/2009,1026.158879
7/18/2009,1034.096215
7/19/2009,994.7787356
7/20/2009,1024.058462
7/21/2009,1027.787302
7/22/2009,1026.066038
7/23/2009,1031.195286
7/24/2009,1045.677741
7/25/2009,1041.181507
7/26/2009,1047.559211
7/27/2009,1045.376147
7/28/2009,1029.450658
7/29/2009,1028.778997
7/30/2009,1016.34918
7/31/2009,1028.427007
8/1/2009,1033.149206
8/2/2009,1006.725
8/3/2009,1020.349112
8/4/2009,1020.14121
8/5/2009,1015.698718
8/6/2009,1034.35942
8/7/2009,1018.903614
8/8/2009,994.8754579
8/9/2009,999.9488636
8/10/2009,1023.931548
8/11/2009,1031.19174
8/12/2009,1021.072254
8/13/2009,1001.818471
8/14/2009,1021.140221
8/15/2009,975.6104651
8/16/2009,998.8353293
8/17/2009,1031.083582
8/18/2009,1026.975232
8/19/2009,1013.0721
8/20/2009,1038.587963
8/21/2009,1037.248494
8/22/2009,1022.325503
8/23/2009,1029.918675
8/24/2009,1040.9625
8/25/2009,1059.814815
8/26/2009,1049.14095
8/27/2009,1074.310145
8/28/2009,1071.171131
8/29/2009,1064.416667
8/30/2009,1093.970803
8/31/2009,1107.229452
9/1/2009,1117.903846
9/2/2009,1117.299157
9/3/2009,1139.623955
9/4/2009,1143.207101
9/5/2009,1120.525994
9/6/2009,1152.175532
9/7/2009,1165.394444
9/8/2009,1169.945205
9/9/2009,1162.008547
9/10/2009,1188.872493
9/11/2009,1177.959155
9/12/2009,1164.519934
9/13/2009,1180.674863
9/14/2009,1210.852368
9/15/2009,1222.442771
9/16/2009,1233.370317
9/17/2009,1246.054896
9/18/2009,1260.864516
9/19/2009,1258.972313
9/20/2009,1271.125
9/21/2009,1219.793651
9/22/2009,1292.951429
9/23/2009,1304.511461
9/24/2009,1287.854532
9/25/2009,1265.29932
9/26/2009,1256.391459
9/27/2009,1316.89781
9/28/2009,1220.126126
9/29/2009,1292.393548
9/30/2009,1303.586022
10/1/2009,1326.328612
10/2/2009,1275.665399
10/3/2009,1281.389728
10/4/2009,1324.241573
10/5/2009,1337.512329
10/6/2009,1335.457746
10/7/2009,1350.315574
10/8/2009,1350.504032
10/9/2009,1361.65896
10/10/2009,1329.697279
10/11/2009,1356.666667
10/12/2009,1373.177612
10/13/2009,1367.355799
10/14/2009,1371.875
10/15/2009,1370.757184
10/16/2009,1366.474551
10/17/2009,1320.701923
10/18/2009,1367.932331
10/19/2009,1389.653846
10/20/2009,1388.567568
10/21/2009,1396.101156
10/22/2009,1395.034682
10/23/2009,1407.187316
10/24/2009,1345.29698
10/25/2009,1418.740385
10/26/2009,1384.478723
10/27/2009,1423.759434
10/28/2009,1421.005988
10/29/2009,1436.627389
10/30/2009,1445.840323
10/31/2009,1424.404564
11/1/2009,1435.630814
11/2/2009,1442.90146
11/3/2009,1470.53681
11/4/2009,1422.991501
11/5/2009,1438.55597
11/6/2009,1412.127143
11/7/2009,1382.492424
11/8/2009,1392.791444
11/9/2009,1346.972727
11/10/2009,1349.671642
11/11/2009,1324.771186
11/12/2009,1312.442857
11/13/2009,1334.609792
11/14/2009,1275.523466
11/15/2009,1294.549133
11/16/2009,1290.779624
11/17/2009,1272.955202
11/18/2009,1236.366279
11/19/2009,1239.453125
11/20/2009,1209.81268
11/21/2009,1167.892537
11/22/2009,1138.796089
11/23/2009,1132.76513
11/24/2009,1135.443333
11/25/2009,1137.790503
11/26/2009,1135.640141
11/27/2009,1114.125373
11/28/2009,1145.791667
11/29/2009,1167.0625
11/30/2009,1149.613014
12/1/2009,1164.057971
12/2/2009,1165.78635
12/3/2009,1187.126374
12/4/2009,1159.101695
12/5/2009,1166.146417
12/6/2009,1126.688172
12/7/2009,1145.920613
12/8/2009,1132.125352
12/9/2009,1102.356354
12/10/2009,1087.606648
12/11/2009,1068.30117
12/12/2009,1005.225256
12/13/2009,1040.616766
12/14/2009,1068.319444
12/15/2009,1045.607784
12/16/2009,999.4899135
12/17/2009,990.022409
12/18/2009,989.4132231
12/19/2009,953.7616099
12/20/2009,935.3030303
12/21/2009,944.2108696
12/22/2009,907.2971014
12/23/2009,869.300578
12/24/2009,864.0851735
12/25/2009,788.0042918
12/26/2009,846.9184397
12/27/2009,848.75
12/28/2009,817.7024793
12/29/2009,784.3451957
12/30/2009,816.1571429
12/31/2009,796.023622
1/1/2010,762.089779
1/2/2010,765.1005917
1/3/2010,738.5430108
1/4/2010,764.5365854
1/5/2010,778.4497041
1/6/2010,739.1867008
1/7/2010,711.6726804
1/8/2010,710.0751295
1/9/2010,611.0216346
1/10/2010,639.6360104
1/11/2010,652.6057441
1/12/2010,646.5122616
1/13/2010,662.4078212
1/14/2010,635.4591195
1/15/2010,617.2218845
1/16/2010,623.9973046
1/17/2010,570.6481481
1/18/2010,624.0138122
1/19/2010,622.118863
1/20/2010,593.9239437
1/21/2010,579.7794872
1/22/2010,582.4175127
1/23/2010,590.9117647
1/24/2010,532.7900943
1/25/2010,569.8443272
1/26/2010,492.5
1/27/2010,546.6528117
1/28/2010,535.0363409
1/29/2010,527.4058355
1/30/2010,535.06875
1/31/2010,507.9872611
2/1/2010,515.2120823
2/2/2010,503.0973236
2/3/2010,500.3418014
2/4/2010,500.972488
2/5/2010,487.0310263
2/6/2010,493.1230366
2/7/2010,447.8782609
2/8/2010,495.6714628
2/9/2010,473.3219512
2/10/2010,480.7476415
2/11/2010,475.0084951
2/12/2010,420.5611285
2/13/2010,451.505988
2/14/2010,424.8288288
2/15/2010,491.1295844
2/16/2010,471.9516908
2/17/2010,457.2978208
2/18/2010,457.9570406
2/19/2010,446.9696203
2/20/2010,450.2113402
2/21/2010,408.4840183
2/22/2010,451.8505291
2/23/2010,448.6515957
2/24/2010,427.3215385
2/25/2010,436.6495098
2/26/2010,403.2860892
2/27/2010,415.9122517
2/28/2010,410.0460526
3/1/2010,436.4375
3/2/2010,412.2770833
3/3/2010,424
3/4/2010,426.8417874
3/5/2010,424.243932
3/6/2010,426.4973958
3/7/2010,382.4087137
3/8/2010,421.6674641
3/9/2010,429.2602906
3/10/2010,431.6561772
3/11/2010,428.9599515
3/12/2010,424.839372
3/13/2010,388.7774566
3/14/2010,379.8362832
3/15/2010,424.5253807
3/16/2010,409.9338422
3/17/2010,404.4384615
3/18/2010,409.8084337
3/19/2010,406.7293689
3/20/2010,412.9423559
3/21/2010,362.0472103
3/22/2010,402.3055556
3/23/2010,399.63875
3/24/2010,388.2910663
3/25/2010,396.0189873
3/26/2010,395.9700748
3/27/2010,393.5224719
3/28/2010,361.5828571
3/29/2010,421.4642857
3/30/2010,392.3644737
3/31/2010,400.1014493
4/1/2010,386.906015
4/2/2010,371.9207493
4/3/2010,409.4521411
4/4/2010,371.8916309
4/5/2010,408.5970516
4/6/2010,409.1418269
4/7/2010,403.2243902
4/8/2010,408.7940447
4/9/2010,409.1811594
4/10/2010,396.0584615
4/11/2010,372.1454545
4/12/2010,418.5167959
4/13/2010,426.7474747
4/14/2010,403.433657
4/15/2010,421.9211268
4/16/2010,435.2437186
4/17/2010,432.9618529
4/18/2010,397.8590909
4/19/2010,430.9765013
4/20/2010,435.1378446
4/21/2010,431.0420792
4/22/2010,443.3769231
4/23/2010,450.4763158
4/24/2010,442.9011976
4/25/2010,431.3056995
4/26/2010,455.2479893
4/27/2010,452.3442623
4/28/2010,458.4032258
4/29/2010,471.0245902
4/30/2010,468.3888889
5/1/2010,443.4018987
5/2/2010,440.8037383
5/3/2010,496.9858247
5/4/2010,499.5582278
5/5/2010,489.4151899
5/6/2010,497.0341772
5/7/2010,492.9731183
5/8/2010,481.1980198
5/9/2010,456.7391304
5/10/2010,516.3870968
5/11/2010,522.1661538
5/12/2010,501.81375
5/13/2010,497.3463476
5/14/2010,513.5595855
5/15/2010,509.3579235
5/16/2010,476.354067
5/17/2010,521.610687
5/18/2010,525.7079208
5/19/2010,518.9100985
5/20/2010,523.479064
5/21/2010,507.755
5/22/2010,522.5971429
5/23/2010,492.9626168
5/24/2010,522.9808673
5/25/2010,538.1002445
5/26/2010,520.6282723
5/27/2010,527.3804348
5/28/2010,520.7702703
5/29/2010,529.1586826
5/30/2010,494.672619
5/31/2010,530.5073965
6/1/2010,535.4031863
6/2/2010,533.1968215
6/3/2010,527.9038005
6/4/2010,533.6021127
6/5/2010,531.7116402
6/6/2010,513.9360731
6/7/2010,537.576087
6/8/2010,548.3568019
6/9/2010,539.2043269
6/10/2010,544.8443627
6/11/2010,543.8692308
6/12/2010,511.9376947
6/13/2010,507.4663677
6/14/2010,546.9093199
6/15/2010,555.2957393
6/16/2010,548.3293269
6/17/2010,553.4708738
6/18/2010,558.9746193
6/19/2010,548.460274
6/20/2010,516.4200913
6/21/2010,548.0126904
6/22/2010,565.6277108
6/23/2010,559.906326
6/24/2010,560.5870647
6/25/2010,568.6954315
6/26/2010,530.8222222
6/27/2010,551.757732
6/28/2010,563.5269923
6/29/2010,569.8659794
6/30/2010,560.2676056
7/1/2010,572.6479592
7/2/2010,570.8641975
7/3/2010,572.5285326
7/4/2010,544.1478261
7/5/2010,557.1179577
7/6/2010,582.9747475
7/7/2010,565.8729017
7/8/2010,569.239759
7/9/2010,580.6381418
7/10/2010,551.4704142
7/11/2010,538.220339
7/12/2010,575.4120482
7/13/2010,585.9118388
7/14/2010,576.679803
7/15/2010,590.9101563
7/16/2010,582.1031332
7/17/2010,577.8536585
7/18/2010,539.6902655
7/19/2010,568.342033
7/20/2010,594.8232984
7/21/2010,579.8664021
7/22/2010,594.156658
7/23/2010,607.0623269
7/24/2010,578.2507463
7/25/2010,556.40625
7/26/2010,554.7718579
7/27/2010,584.688
7/28/2010,575.2638522
7/29/2010,558.630137
7/30/2010,576.2108108
7/31/2010,566.0582192
8/1/2010,540.9911894
8/2/2010,560.8842239
8/3/2010,558.3428928
8/4/2010,549.9852217
8/5/2010,569.9491315
8/6/2010,556.7755102
8/7/2010,558.1338028
8/8/2010,516.5791855
8/9/2010,533.3717277
8/10/2010,545.635
8/11/2010,550.15
8/12/2010,539.6950904
8/13/2010,533.1662198
8/14/2010,502.445614
8/15/2010,503.1897436
8/16/2010,529.5281174
8/17/2010,533.2324121
8/18/2010,515.3282828
8/19/2010,534.1374046
8/20/2010,533.0862944
8/21/2010,536.1859155
8/22/2010,486.3744076
8/23/2010,525.2084433
8/24/2010,512.828125
8/25/2010,526.3792651
8/26/2010,540.9514067
8/27/2010,530.2146667
8/28/2010,533.4076246
8/29/2010,504.4047619
8/30/2010,545.6477273
8/31/2010,552.7269841
9/1/2010,520.5964912
9/2/2010,534.3134796
9/3/2010,526.4973046
9/4/2010,542.8183024
9/5/2010,516.745614
9/6/2010,546.1345178
9/7/2010,518.3378378
9/8/2010,549.7862408
9/9/2010,547.762963
9/10/2010,498.2079772
9/11/2010,502.2893773
9/12/2010,516.2568807
9/13/2010,559.0584416
9/14/2010,572.9962025
9/15/2010,577.1594595
9/16/2010,570.2411924
9/17/2010,572.2863248
9/18/2010,576.0261628
9/19/2010,551.5791855
9/20/2010,604.0889423
9/21/2010,589.6457286
9/22/2010,603.8283582
9/23/2010,621.1822785
9/24/2010,626.842615
9/25/2010,619.7065527
9/26/2010,651.4059406
9/27/2010,648.105198
9/28/2010,661.95
9/29/2010,679.8544776
9/30/2010,684.4380403
10/1/2010,676.7002653
10/2/2010,618.9323843
10/3/2010,631.5374449
10/4/2010,667.6550868
10/5/2010,675.7705736
10/6/2010,675.7004831
10/7/2010,690.2780899
10/8/2010,701.0280899
10/9/2010,672.7124183
10/10/2010,652.2882883
10/11/2010,679.1875
10/12/2010,687.1959799
10/13/2010,673.3633952
10/14/2010,688.0703812
10/15/2010,682.9351032
10/16/2010,667.090301
10/17/2010,630.8641304
10/18/2010,676.8386167
10/19/2010,675.448468
10/20/2010,681.5473684
10/21/2010,715.8808864
10/22/2010,676.4080268
10/23/2010,666.4042553
10/24/2010,664.2763819
10/25/2010,669.3117978
10/26/2010,683.1008174
10/27/2010,673.5475543
10/28/2010,684.3411602
10/29/2010,680.2235294
10/30/2010,694.9577922
10/31/2010,680.1363636
11/1/2010,710.636612
11/2/2010,713.38
11/3/2010,714.3582474
11/4/2010,718.6801075
11/5/2010,659.1838565
11/6/2010,725.1806167
11/7/2010,676.0932642
11/8/2010,713.3461538
11/9/2010,732.7227979
11/10/2010,703.6213333
11/11/2010,744.3509235
11/12/2010,716.2561308
11/13/2010,675.2741935
11/14/2010,681.3133641
11/15/2010,734.3443526
11/16/2010,717.6639118
11/17/2010,683.1572438
11/18/2010,732.6506667
11/19/2010,749.592246
11/20/2010,745.0868347
11/21/2010,698.9663462
11/22/2010,751.6293333
11/23/2010,774.1364903
11/24/2010,757.542735
11/25/2010,784.5428571
11/26/2010,765.7432432
11/27/2010,726.8952802
11/28/2010,707.3103448
11/29/2010,760.1138329
11/30/2010,784.1351351
12/1/2010,758.9035088
12/2/2010,760.2982885
12/3/2010,736
12/4/2010,703.9354839
12/5/2010,662.5198238
12/6/2010,729.0283505
12/7/2010,719.4739454
12/8/2010,726.7760814
12/9/2010,743.5314861
12/10/2010,694.2114362
12/11/2010,653.8874598
12/12/2010,666.9904306
12/13/2010,690.1075269
12/14/2010,706.0336134
12/15/2010,676.2905759
12/16/2010,642.2647887
12/17/2010,606.2222222
12/18/2010,623.3106509
12/19/2010,602.1506849
12/20/2010,662.1324675
12/21/2010,630.2356021
12/22/2010,628.7254408
12/23/2010,646.5529716
12/24/2010,600.2903226
12/25/2010,532.4229391
12/26/2010,562.2349727
12/27/2010,605.8314607
12/28/2010,607.0485714
12/29/2010,594.5457227
12/30/2010,611.4123077
12/31/2010,604.4322344
1/1/2011,581.5012987
1/2/2011,544.254902
1/3/2011,604.071934
1/4/2011,586.7233796
1/5/2011,593.7470726
1/6/2011,581.4295455
1/7/2011,579.2376126
1/8/2011,523.4209115
1/9/2011,521.9663866
1/10/2011,574.3294393
1/11/2011,559.2416268
1/12/2011,557.8182844
1/13/2011,579.5835267
1/14/2011,541.6276042
1/15/2011,490.6448468
1/16/2011,497.0472103
1/17/2011,546.4834906
1/18/2011,536.875576
1/19/2011,532.842723
1/20/2011,535.9542334
1/21/2011,525.9903382
1/22/2011,480.9028497
1/23/2011,473.0875
1/24/2011,509.9567757
1/25/2011,496.2557545
1/26/2011,426.6586345
1/27/2011,487.4927711
1/28/2011,463.8058824
1/29/2011,442.9745989
1/30/2011,443.1641026
1/31/2011,472.424661
2/1/2011,467.8447059
2/2/2011,450.8329571
2/3/2011,464.2560976
2/4/2011,451.3049327
2/5/2011,435.8215962
2/6/2011,396.1255061
2/7/2011,450.2018141
2/8/2011,469.9497487
2/9/2011,458.4022727
2/10/2011,458.8248337
2/11/2011,446.4179954
2/12/2011,402.3523316
2/13/2011,391.4377682
2/14/2011,449.0528205
2/15/2011,437.5786925
2/16/2011,417.5381671
2/17/2011,461.5049889
2/18/2011,445.630825
2/19/2011,431.3599509
2/20/2011,396.6255061
2/21/2011,456.1304525
2/22/2011,456.6782407
2/23/2011,451.8240741
2/24/2011,463.218894
2/25/2011,467.2011905
2/26/2011,453.0742706
2/27/2011,435.4489796
2/28/2011,496.3780161
3/1/2011,488.5817757
3/2/2011,432.5857143
3/3/2011,484.244898
3/4/2011,480.2689655
3/5/2011,473.7759434
3/6/2011,454.0752419
3/7/2011,491.5100446
3/8/2011,507.4248826
3/9/2011,492.8115299
3/10/2011,498.2374429
3/11/2011,497
3/12/2011,469.3097826
3/13/2011,477.9243697
3/14/2011,501.1790698
3/15/2011,507.1966427
3/16/2011,486.6252874
3/17/2011,511.4832962
3/18/2011,485.3761792
3/19/2011,482.3802395
3/20/2011,471.1724138
3/21/2011,498.7273936
3/22/2011,501.2707838
3/23/2011,472.8214286
3/24/2011,491.1610276
3/25/2011,498.5804878
3/26/2011,467.2137097
3/27/2011,458.4179104
3/28/2011,490.9974937
3/29/2011,479.0313316
3/30/2011,463.6460484
3/31/2011,472.6609195
4/1/2011,493.5821429
4/2/2011,477.4626506
4/3/2011,464.7098214
4/4/2011,484.6443038
4/5/2011,481.681592
4/6/2011,481.9488095
4/7/2011,490.5613636
4/8/2011,481.1728972
4/9/2011,459.844504
4/10/2011,458.2857143
4/11/2011,496.9272076
4/12/2011,489.1544944
4/13/2011,491.4637681
4/14/2011,458.521875
4/15/2011,467.5775401
4/16/2011,487.4772727
4/17/2011,480.2033898
4/18/2011,503.105
4/19/2011,510.2386635
4/20/2011,500.5320988
4/21/2011,491.3153266
4/22/2011,467.3606061
4/23/2011,489.6
4/24/2011,487.8909953
4/25/2011,515.9379747
4/26/2011,513.7664975
4/27/2011,504.3882979
4/28/2011,530.4151899
4/29/2011,515.9110512
4/30/2011,514.0091463
5/1/2011,492.2834821
5/2/2011,530.8135593
5/3/2011,545.75
5/4/2011,536.9692875
5/5/2011,547.7330097
5/6/2011,535.8060109
5/7/2011,528.6010929
5/8/2011,517.9162996
5/9/2011,554.9670051
5/10/2011,570.8508772
5/11/2011,540.3430657
5/12/2011,566.2818627
5/13/2011,554.381295
5/14/2011,517.2803468
5/15/2011,522.2466063
5/16/2011,561.2594458
5/17/2011,571.1965318
5/18/2011,559.63125
5/19/2011,580.8864198
5/20/2011,554.2576531
5/21/2011,556.2370572
5/22/2011,541.4711111
5/23/2011,575.9796954
5/24/2011,586.0572917
5/25/2011,569.4423592
5/26/2011,592.3103896
5/27/2011,578.1260274
5/28/2011,562.9941691
5/29/2011,569.2541436
5/30/2011,582.3232044
5/31/2011,600.0465839
6/1/2011,588.8939791
6/2/2011,594.9975728
6/3/2011,590.2822384
6/4/2011,570.262963
6/5/2011,550.2151899
6/6/2011,596.3995272
6/7/2011,605.0095923
6/8/2011,598.1082353
6/9/2011,605.9557416
6/10/2011,600.0287081
6/11/2011,566.1714286
6/12/2011,575.4230769
6/13/2011,603.5072464
6/14/2011,614.6858513
6/15/2011,607.2487047
6/16/2011,614.8329298
6/17/2011,607.2131148
6/18/2011,589.1808786
6/19/2011,577.0082305
6/20/2011,605.7777778
6/21/2011,624.6990291
6/22/2011,610.13382
6/23/2011,629.5620609
6/24/2011,618.7511962
6/25/2011,594.3783784
6/26/2011,605.3463415
6/27/2011,617.2487624
6/28/2011,633.0583942
6/29/2011,611.4411028
6/30/2011,640.1048387
7/1/2011,621.4756381
7/2/2011,610.7706856
7/3/2011,593.953125
7/4/2011,621.6880734
7/5/2011,640.5200893
7/6/2011,621.1128319
7/7/2011,647.9021978
7/8/2011,618.3627907
7/9/2011,592.4579946
7/10/2011,615.250996
7/11/2011,636.1556064
7/12/2011,651.5800464
7/13/2011,629.4441913
7/14/2011,658.4569536
7/15/2011,656.8918919
7/16/2011,634.622549
7/17/2011,605.398374
7/18/2011,644.4763033
7/19/2011,664.0365297
7/20/2011,644.1336303
7/21/2011,653.8574561
7/22/2011,642.6369863
7/23/2011,628.1670823
7/24/2011,615.0414938
7/25/2011,647.5215311
7/26/2011,649.4418605
7/27/2011,641.9832536
7/28/2011,652.36
7/29/2011,640.1538462
7/30/2011,617.501385
7/31/2011,648
8/1/2011,661.2909931
8/2/2011,650.6517857
8/3/2011,637.7379913
8/4/2011,645.7832957
8/5/2011,626.7540603
8/6/2011,620.4064039
8/7/2011,612.9274194
8/8/2011,645.5177305
8/9/2011,636.7088036
8/10/2011,634.6447964
8/11/2011,649.039627
8/12/2011,636.0166667
8/13/2011,595.4444444
8/14/2011,618.4297872
8/15/2011,587.7795276
8/16/2011,649.2981221
8/17/2011,630.6897375
8/18/2011,637.9105882
8/19/2011,629.9467312
8/20/2011,625.5441176
8/21/2011,616.7656904
8/22/2011,633.1333333
8/23/2011,639.1594203
8/24/2011,638.5093897
8/25/2011,639.0380952
8/26/2011,634.5364322
8/27/2011,609.2407407
8/28/2011,631.2952381
8/29/2011,639.8672457
8/30/2011,612.1002571
8/31/2011,604.9288703
9/1/2011,627.4898219
9/2/2011,642.5911215
9/3/2011,629.1613692
9/4/2011,611.96875
9/5/2011,643.5223529
9/6/2011,634.0215311
9/7/2011,628.4373576
9/8/2011,613.8787185
9/9/2011,615.5060241
9/10/2011,602.8526012
9/11/2011,601.1535433
9/12/2011,636.5
9/13/2011,634.2064439
9/14/2011,629.0277136
9/15/2011,645.3828829
9/16/2011,639.1186047
9/17/2011,620.8467532
9/18/2011,607.968
9/19/2011,623.5306604
9/20/2011,638.6028369
9/21/2011,617.4201878
9/22/2011,637.9157428
9/23/2011,629.5153664
9/24/2011,626.9842932
9/25/2011,609.2464455
9/26/2011,647.1122195
9/27/2011,635.8544474
9/28/2011,634.8854167
9/29/2011,621.4328358
9/30/2011,635.2556818
10/1/2011,618.4897436
10/2/2011,587.6932773
10/3/2011,615.7821522
10/4/2011,613.6026667
10/5/2011,584.4347826
10/6/2011,572.7207792
10/7/2011,601.2480418
10/8/2011,573.1842105
10/9/2011,584.4197531
10/10/2011,616.6997579
10/11/2011,601.1042254
10/12/2011,610.0225734
10/13/2011,616.5704388
10/14/2011,603.7095238
10/15/2011,593.5974026
10/16/2011,575.6496063
10/17/2011,611.9776675
10/18/2011,608.0427136
10/19/2011,587.8985507
10/20/2011,591.6180049
10/21/2011,583.9336609
10/22/2011,555.0793651
10/23/2011,539.1524664
10/24/2011,586.1442543
10/25/2011,580.1369863
10/26/2011,552.3710938
10/27/2011,618.7080292
10/28/2011,585.797546
10/29/2011,567.0501319
10/30/2011,549.9132653
10/31/2011,598.9655172
11/1/2011,549.4605598
11/2/2011,570.0182648
11/3/2011,588.5547945
11/4/2011,595.0552995
11/5/2011,562.6005025
11/6/2011,520.5198238
11/7/2011,518.9228296
11/8/2011,588.4292343
11/9/2011,575.2373272
11/10/2011,601.3813559
11/11/2011,573.2027972
11/12/2011,529.7569061
11/13/2011,535.6788618
11/14/2011,593.059633
11/15/2011,589.8992974
11/16/2011,575.6040268
11/17/2011,569.6728538
11/18/2011,558.3380282
11/19/2011,569.4387755
11/20/2011,515.9875
11/21/2011,576.9654378
11/22/2011,564.3634204
11/23/2011,552.4369159
11/24/2011,564.9037037
11/25/2011,539.8461538
11/26/2011,540.2311558
11/27/2011,487.8039216
11/28/2011,557.3372093
11/29/2011,507.2293814
11/30/2011,543.5859375
12/1/2011,558.7328244
12/2/2011,526.7170264
12/3/2011,515.5412621
12/4/2011,475.5867769
12/5/2011,476.3743842
12/6/2011,512.7726027
12/7/2011,513.0904977
12/8/2011,506.2175926
12/9/2011,495.470024
12/10/2011,438.2097701
12/11/2011,438.7478992
12/12/2011,505.3457077
12/13/2011,495.3770492
12/14/2011,487.0443925
12/15/2011,491.2141176
12/16/2011,467.1853659
12/17/2011,475.2917706
12/18/2011,395.8451327
12/19/2011,468.7692308
12/20/2011,464.6778846
12/21/2011,455.9597156
12/22/2011,463.5
12/23/2011,458.5
12/24/2011,446.2165775
12/25/2011,386.4285714
12/26/2011,466.5087282
12/27/2011,452.7176166
12/28/2011,451.0408163
12/29/2011,457.1823204
12/30/2011,460.2305476
12/31/2011,469.862963
1/1/2012,411.0410256
1/2/2012,457.3
1/3/2012,490.537092
1/4/2012,490.9144737
1/5/2012,480.8096774
1/6/2012,454.060241
1/7/2012,469.6440217
1/8/2012,399.6714976
1/9/2012,472.6435644
1/10/2012,478.1290323
1/11/2012,472.4156171
1/12/2012,477.4883721
1/13/2012,453.4780362
1/14/2012,404.2662116
1/15/2012,394.5360825
1/16/2012,469.4730077
1/17/2012,486.6414634
1/18/2012,451.2962025
1/19/2012,497.3698297
1/20/2012,494.5112219
1/21/2012,498.7900262
1/22/2012,422.6666667
1/23/2012,510.4774536
1/24/2012,498.2029703
1/25/2012,490.521519
1/26/2012,417.2982456
1/27/2012,441.772118
1/28/2012,497.2012579
1/29/2012,446.3151515
1/30/2012,522.5933148
1/31/2012,520.1601208
2/1/2012,495.6641791
2/2/2012,513.5925926
2/3/2012,491.3785901
2/4/2012,497.0294985
2/5/2012,439.260355
2/6/2012,532.2321429
2/7/2012,519.95
2/8/2012,523.4074074
2/9/2012,506.0828571
2/10/2012,491.1746835
2/11/2012,440.632716
2/12/2012,444.2039801
2/13/2012,500.7801932
2/14/2012,499.5625
2/15/2012,500.6876513
2/16/2012,501.2182254
2/17/2012,494.2754342
2/18/2012,498.8239796
2/19/2012,443.7772512
2/20/2012,435.1575563
2/21/2012,509.4379562
2/22/2012,459.9511002
2/23/2012,521.492823
2/24/2012,501.7783251
2/25/2012,507.7418478
2/26/2012,480.5762712
2/27/2012,509.1540342
2/28/2012,454.9321534
2/29/2012,542.6623377
3/1/2012,538.5943396
3/2/2012,525.3105134
3/3/2012,528.8487179
3/4/2012,471.3392857
3/5/2012,545.6426914
3/6/2012,561.713615
3/7/2012,561.960688
3/8/2012,619.7261411
3/9/2012,572.2413793
3/10/2012,527.5882353
3/11/2012,522.9826087
3/12/2012,577.415493
3/13/2012,580.8983452
3/14/2012,589.8654292
3/15/2012,610.9357143
3/16/2012,601.2579075
3/17/2012,619.485
3/18/2012,584.1408451
3/19/2012,635.5827664
3/20/2012,644.2884161
3/21/2012,667.3479263
3/22/2012,667.1421801
3/23/2012,663.9483204
3/24/2012,686.6694444
3/25/2012,669.0534759
3/26/2012,680.2974828
3/27/2012,678.1617647
3/28/2012,698.5153061
3/29/2012,711.3876543
3/30/2012,699.2802198
3/31/2012,727.9842271
4/1/2012,713.0758929
4/2/2012,750.7487805
4/3/2012,764.1544118
4/4/2012,767.199005
4/5/2012,751.0991957
4/6/2012,753.1118211
4/7/2012,803.9645777
4/8/2012,809.4889868
4/9/2012,834.8197115
4/10/2012,837.1580247
4/11/2012,842.1031175
4/12/2012,856.6634615
4/13/2012,845.3934426
4/14/2012,832.4774194
4/15/2012,853.1273585
4/16/2012,878.9736211
4/17/2012,879.5330073
4/18/2012,891.5523114
4/19/2012,908.9497608
4/20/2012,903.078481
4/21/2012,905.6276042
4/22/2012,885.2180095
4/23/2012,921.3391521
4/24/2012,935.2736842
4/25/2012,932.0742574
4/26/2012,945.1457286
4/27/2012,934.8522427
4/28/2012,959.2869081
4/29/2012,970.797546
4/30/2012,970.3618234
5/1/2012,936.4837662
5/2/2012,992.7591241
5/3/2012,999.4668305
5/4/2012,996.3467337
5/5/2012,968.0193906
5/6/2012,959.1367925
5/7/2012,1022.163772
5/8/2012,1018.439891
5/9/2012,1022.139089
5/10/2012,1035.230216
5/11/2012,1010.876923
5/12/2012,972.5891239
5/13/2012,981.8672566
5/14/2012,1046.800499
5/15/2012,1028.652284
5/16/2012,1031.701671
5/17/2012,1042.930622
5/18/2012,1036.88806
5/19/2012,1033.728947
5/20/2012,1006.636792
5/21/2012,1042.992537
5/22/2012,1030.684864
5/23/2012,1041.373434
5/24/2012,1001.950413
5/25/2012,1032.620419
5/26/2012,1045.388889
5/27/2012,1017.455556
5/28/2012,1048.670951
5/29/2012,1061.402235
5/30/2012,1053.561497
5/31/2012,1105.907692
6/1/2012,1059.678663
6/2/2012,1055.301887
6/3/2012,1015.371681
6/4/2012,1078.714286
6/5/2012,1068.997579
6/6/2012,1071.819905
6/7/2012,1089.664234
6/8/2012,1054.428571
6/9/2012,1019.867069
6/10/2012,1020.592417
6/11/2012,1074.15625
6/12/2012,1076.7775
6/13/2012,1073.214953
6/14/2012,1094.731132
6/15/2012,1087.70229
6/16/2012,1075.18481
6/17/2012,1046.812227
6/18/2012,1107.832936
6/19/2012,1099.840909
6/20/2012,1101.620609
6/21/2012,1113.379653
6/22/2012,1111.127182
6/23/2012,1115.152815
6/24/2012,1100.932292
6/25/2012,1130.62716
6/26/2012,1156.117207
6/27/2012,1137.825758
6/28/2012,1160.652393
6/29/2012,1128.029178
6/30/2012,1171.564189
7/1/2012,1103.325792
7/2/2012,1162.595455
7/3/2012,1171.822384
7/4/2012,1157.040179
7/5/2012,1173.970721
7/6/2012,1148.572581
7/7/2012,1169.431034
7/8/2012,1097.658436
7/9/2012,1163.474886
7/10/2012,1179.851936
7/11/2012,1170.921875
7/12/2012,1167.756637
7/13/2012,1164.663594
7/14/2012,1124.679775
7/15/2012,1117.991416
7/16/2012,1197.434498
7/17/2012,1190.009217
7/18/2012,1175.339956
7/19/2012,1207.614699
7/20/2012,1193.850679
7/21/2012,1210.513382
7/22/2012,1145.09417
7/23/2012,1207.6621
7/24/2012,1216.918072
7/25/2012,1203.609302
7/26/2012,1219.515152
7/27/2012,1224.477327
7/28/2012,1210.558583
7/29/2012,1200.905556
7/30/2012,1237.626943
7/31/2012,1254.107784
8/1/2012,1227.790541
8/2/2012,1178.134247
8/3/2012,1226.774942
8/4/2012,1246.633735
8/5/2012,1187.472441
8/6/2012,1252.646667
8/7/2012,1256.769231
8/8/2012,1238.605727
8/9/2012,1253.228774
8/10/2012,1256.637717
8/11/2012,1204.437673
8/12/2012,1205.541833
8/13/2012,1246.930649
8/14/2012,1239.768212
8/15/2012,1181.179211
8/16/2012,1256.7897
8/17/2012,1217.99536
8/18/2012,1239.393939
8/19/2012,1179.755102
8/20/2012,1170.071197
8/21/2012,1219.466357
8/22/2012,1227.367257
8/23/2012,1244.567033
8/24/2012,1234.150685
8/25/2012,1233.715347
8/26/2012,1209.812207
8/27/2012,1221.853147
8/28/2012,1194.492958
8/29/2012,1183.695349
8/30/2012,1176.557457
8/31/2012,1173.112948
9/1/2012,1229.171021
9/2/2012,1163.134831
9/3/2012,1221.893617
9/4/2012,1219.843683
9/5/2012,1214.733051
9/6/2012,1208.257996
9/7/2012,1212.080508
9/8/2012,1162.43038
9/9/2012,1156.701887
9/10/2012,1178.377778
9/11/2012,1195.291139
9/12/2012,1190.993644
9/13/2012,1193.682505
9/14/2012,1179.679654
9/15/2012,1129.17506
9/16/2012,1091.232283
9/17/2012,1169.777528
9/18/2012,1171.066079
9/19/2012,1157.727064
9/20/2012,1176.026866
9/21/2012,1138.123515
9/22/2012,1179.416058
9/23/2012,1115.490347
9/24/2012,1176.620283
9/25/2012,1163.611494
9/26/2012,1174.776316
9/27/2012,1171.127315
9/28/2012,1155.857471
9/29/2012,1167.97389
9/30/2012,1098.567901
10/1/2012,1160.14977
10/2/2012,1115.675841
10/3/2012,1115.59081
10/4/2012,1153.588865
10/5/2012,1157.075055
10/6/2012,1137.138498
10/7/2012,1059.05814
10/8/2012,1141.25
10/9/2012,1141.10177
10/10/2012,1138.165591
10/11/2012,1130.44921
10/12/2012,1136.377528
10/13/2012,1061.010724
10/14/2012,1042.267658
10/15/2012,1114.790816
10/16/2012,1121.490826
10/17/2012,1100.234899
10/18/2012,1119.170022
10/19/2012,1101.445755
10/20/2012,1110.834586
10/21/2012,1013.595556
10/22/2012,1096.491848
10/23/2012,1048.12963
10/24/2012,1035.996516
10/25/2012,1117.202771
10/26/2012,1043.280899
10/27/2012,1088.083893
10/28/2012,1051.015707
10/29/2012,1129.918239
10/30/2012,1133.108108
10/31/2012,1134.344262
11/1/2012,1127.38785
11/2/2012,1108.464853
11/3/2012,1103.731415
11/4/2012,1026.162055
11/5/2012,1113.483945
11/6/2012,1122.611241
11/7/2012,1105.863135
11/8/2012,1114.345238
11/9/2012,1108.032634
11/10/2012,1049.843305
11/11/2012,1028.542857
11/12/2012,1112.058824
11/13/2012,1065.457912
11/14/2012,1192.230508
11/15/2012,1130.107438
11/16/2012,1096.520095
11/17/2012,1115.0625
11/18/2012,1049.516667
11/19/2012,1126.34058
11/20/2012,1136.403382
11/21/2012,1133.304545
11/22/2012,1144.921801
11/23/2012,1113.84466
11/24/2012,1082.210526
11/25/2012,1075.782828
11/26/2012,1149
11/27/2012,1131.535452
11/28/2012,1140.416918
11/29/2012,1108.571078
11/30/2012,1123.04065
12/1/2012,1088.059278
12/2/2012,999.1370968
12/3/2012,1086.507937
12/4/2012,1070.059361
12/5/2012,1054.011136
12/6/2012,1047.413242
12/7/2012,989.8873239
12/8/2012,943.4522472
12/9/2012,912.7201646
12/10/2012,987.0196507
12/11/2012,953.9340909
12/12/2012,965.3893805
12/13/2012,952.2690583
12/14/2012,945.4332553
12/15/2012,935.0750605
12/16/2012,822.4210526
12/17/2012,914.4334862
12/18/2012,920.4887892
12/19/2012,879.1324503
12/20/2012,857.1835294
12/21/2012,862.6778043
12/22/2012,833.167979
12/23/2012,737.2959641
12/24/2012,865.8457831
12/25/2012,757.5275081
12/26/2012,854.4404762
12/27/2012,866.1650718
12/28/2012,855.1842105
12/29/2012,859.1723164
12/30/2012,793.1666667
12/31/2012,863.7620397
1/1/2013,857.1807512
1/2/2013,842.8183908
1/3/2013,855.0366133
1/4/2013,832.9427918
1/5/2013,838.5547074
1/6/2013,741.3
1/7/2013,834.8752784
1/8/2013,809.917226
1/9/2013,795.4399093
1/10/2013,837.8292683
1/11/2013,783.7136259
1/12/2013,738.9157609
1/13/2013,724.6882591
1/14/2013,802.2236504
1/15/2013,821.9211765
1/16/2013,802.9337748
1/17/2013,819.5870536
1/18/2013,820.8474576
1/19/2013,812.1597052
1/20/2013,732.5368852
1/21/2013,819.8248337
1/22/2013,794.0451467
1/23/2013,784.1002445
1/24/2013,742.9693396
1/25/2013,766.3909348
1/26/2013,727.5043478
1/27/2013,709.8
1/28/2013,784.3401826
1/29/2013,786.7067308
1/30/2013,774.9248826
1/31/2013,816.8888889
2/1/2013,779.8797327
2/2/2013,775.6247031
2/3/2013,722.5277778
2/4/2013,782.0375276
2/5/2013,781.4671202
2/6/2013,786.9400428
2/7/2013,785.619256
2/8/2013,769.3384615
2/9/2013,717.5837838
2/10/2013,677.3458333
2/11/2013,763.1333333
2/12/2013,754.9539171
2/13/2013,741.2179487
2/14/2013,746.0044743
2/15/2013,750.6372796
2/16/2013,761.085
2/17/2013,674.4262295
2/18/2013,781.15
2/19/2013,737.4315068
2/20/2013,667.9356436
2/21/2013,673.264637
2/22/2013,735.020362
2/23/2013,748.0342298
2/24/2013,677.0047847
2/25/2013,755.7960199
2/26/2013,738.6628959
2/27/2013,755.9162791
2/28/2013,768.7880952
3/1/2013,735.5854801
3/2/2013,744.0364964
3/3/2013,669.9626866
3/4/2013,731.1142857
3/5/2013,735.3076923
3/6/2013,719.3563474
3/7/2013,714.383592
3/8/2013,713.6600877
3/9/2013,671.6842105
3/10/2013,643.1572581
3/11/2013,710.2741573
3/12/2013,716.6455982
3/13/2013,728.3761161
3/14/2013,729.5986696
3/15/2013,727.5276498
3/16/2013,733.7883721
3/17/2013,663.52
3/18/2013,720.9934354
3/19/2013,713.2171946
3/20/2013,716.5904977
3/21/2013,715.775
3/22/2013,698.3985849
3/23/2013,714.8131313
3/24/2013,660.208
3/25/2013,732.4371981
3/26/2013,736.0192308
3/27/2013,842.5616438
3/28/2013,705.2844575
3/29/2013,677.8133333
3/30/2013,755.3074792
3/31/2013,722.5586592
4/1/2013,755.4242424
4/2/2013,763.3348624
4/3/2013,769.2352941
4/4/2013,776.6696231
4/5/2013,763.5866667
4/6/2013,801.5584726
4/7/2013,727.6367521
4/8/2013,791.8041002
4/9/2013,802.4459459
4/10/2013,798.5146727
4/11/2013,798.6616541
4/12/2013,822.9664269
4/13/2013,795.1966759
4/14/2013,775.1948052
4/15/2013,843.3704663
4/16/2013,834.225
4/17/2013,860.5409091
4/18/2013,857.5707434
4/19/2013,858.882199
4/20/2013,900.1577608
4/21/2013,828.8396624
4/22/2013,883.8153477
4/23/2013,880.5369393
4/24/2013,907.1035714
4/25/2013,902.5097087
4/26/2013,901.1262626
4/27/2013,939.3350923
4/28/2013,870.5897436
4/29/2013,929.6511335
4/30/2013,933.7445652
5/1/2013,911.3453039
5/2/2013,941.1149554
5/3/2013,933.8325527
5/4/2013,946.9760192
5/5/2013,887.2254098
5/6/2013,959.1372093
5/7/2013,947.8761682
5/8/2013,965.7207207
5/9/2013,960.4195122
5/10/2013,944.5695444
5/11/2013,916.8109589
5/12/2013,933.4512195
5/13/2013,961.4188862
5/14/2013,969.558427
5/15/2013,956.5022173
5/16/2013,973.5703297
5/17/2013,958.1850117
5/18/2013,1003.164179
5/19/2013,928.3864542
5/20/2013,973.4657534
5/21/2013,970.1674641
5/22/2013,979.9379233
5/23/2013,996.9251101
5/24/2013,995.1006865
5/25/2013,997.3448753
5/26/2013,977.9357798
5/27/2013,990.7219731
5/28/2013,994.3143852
5/29/2013,995.0634921
5/30/2013,1004.635731
5/31/2013,1002.502703
6/1/2013,1023.059809
6/2/2013,956.3358779
6/3/2013,1017.81087
6/4/2013,1009.164859
6/5/2013,1018.208243
6/6/2013,998.7026144
6/7/2013,1008.438063
6/8/2013,964.4835165
6/9/2013,974.7265918
6/10/2013,1035.78337
6/11/2013,1016.137584
6/12/2013,1027.651885
6/13/2013,1021.773128
6/14/2013,1018.832957
6/15/2013,1027.20339
6/16/2013,978.8876404
6/17/2013,1029.462719
6/18/2013,1026.232379
6/19/2013,1020.293578
6/20/2013,1042.980932
6/21/2013,1042.421444
6/22/2013,1044.145585
6/23/2013,989.858871
6/24/2013,1034.845475
6/25/2013,1029.376126
6/26/2013,1037.449339
6/27/2013,1047.745708
6/28/2013,1032.881549
6/29/2013,1035.647059
6/30/2013,1005.977901
7/1/2013,1045.94
7/2/2013,1052.87472
7/3/2013,1062.021598
7/4/2013,1061.25
7/5/2013,1046.207424
7/6/2013,1059.647059
7/7/2013,1000.744275
7/8/2013,1070.75705
7/9/2013,1033.974194
7/10/2013,1007.318907
7/11/2013,1056.797441
7/12/2013,1062.73523
7/13/2013,1015.487738
7/14/2013,1022.171642
7/15/2013,1061.545652
7/16/2013,1062.065217
7/17/2013,1052.803838
7/18/2013,1069.793388
7/19/2013,1040.980132
7/20/2013,1063.528634
7/21/2013,987.0390071
7/22/2013,1040.721519
7/23/2013,1044.220807
7/24/2013,1021.221987
7/25/2013,1029.596154
7/26/2013,1010.603486
7/27/2013,1024.02864
7/28/2013,974.6157205
7/29/2013,1015.178571
7/30/2013,1020.645977
7/31/2013,1028.394737
8/1/2013,1018.341991
8/2/2013,981.0856481
8/3/2013,998.7660333
8/4/2013,939.1807692
8/5/2013,993.9206349
8/6/2013,951.479798
8/7/2013,964.5604651
8/8/2013,947.6580796
8/9/2013,927.7806452
8/10/2013,939.9014493
8/11/2013,938.6561265
8/12/2013,993.4942529
8/13/2013,1012.288764
8/14/2013,998.8008949
8/15/2013,974.8283582
8/16/2013,997.0131579
8/17/2013,992.5898618
8/18/2013,940.0373134
8/19/2013,1005.502137
8/20/2013,1005.678984
8/21/2013,1010.204651
8/22/2013,972.3183857
8/23/2013,1000.828889
8/24/2013,1009.526634
8/25/2013,960.424569
8/26/2013,985.3078603
8/27/2013,998.6915584
8/28/2013,932.2172702
8/29/2013,983.9380531
8/30/2013,989.6362587
8/31/2013,1007.185484
9/1/2013,944.962963
9/2/2013,975.2407809
9/3/2013,1012.458333
9/4/2013,958.5123043
9/5/2013,984.623348
9/6/2013,986.4364035
9/7/2013,987.3101852
9/8/2013,927.3282443
9/9/2013,982.2119205
9/10/2013,974.2182628
9/11/2013,987.7860169
9/12/2013,964.9698925
9/13/2013,965.5767544
9/14/2013,926.2411924
9/15/2013,919.7613636
9/16/2013,913.5117925
9/17/2013,941.2560976
9/18/2013,1008.312073
9/19/2013,982.9932584
9/20/2013,966.1330377
9/21/2013,961.1601942
9/22/2013,924.6751825
9/23/2013,993.1553191
9/24/2013,967.7039474
9/25/2013,969.0263158
9/26/2013,972.7888199
9/27/2013,979.4502165
9/28/2013,953.2254197
9/29/2013,938.4266055
9/30/2013,976.1217184
10/1/2013,978.3507625
10/2/2013,918.6666667
10/3/2013,959.9431579
10/4/2013,958.3301205
10/5/2013,1055.754258
10/6/2013,933.3955224
10/7/2013,966.0022124
10/8/2013,993.481069
10/9/2013,976.0519187
10/10/2013,1014.178112
10/11/2013,1014.440594
10/12/2013,974.1900585
10/13/2013,963.0212766
10/14/2013,1001.882038
10/15/2013,1066.183879
10/16/2013,993.0064103
10/17/2013,1049.384615
10/18/2013,1079.594086
10/19/2013,1090.437037
10/20/2013,1082.14
10/21/2013,1166.4447
10/22/2013,1214.391608
10/23/2013,1231.032037
10/24/2013,1325.812217
10/25/2013,1354.37037
10/26/2013,1358.561713
10/27/2013,1337.775862
10/28/2013,1401.680952
10/29/2013,1418.164286
10/30/2013,1431.489461
10/31/2013,1465.399464
11/1/2013,1459.54703
11/2/2013,1468.050847
11/3/2013,1552.945378
11/4/2013,1707.02
11/5/2013,1628.843305
11/6/2013,1685.764019
11/7/2013,1685.457077
11/8/2013,1730.365566
11/9/2013,1706.682857
11/10/2013,1850.371795
11/11/2013,1870.2
11/12/2013,1862.074163
11/13/2013,1848.981481
11/14/2013,1736.31407
11/15/2013,1819.543956
11/16/2013,1761.450882
11/17/2013,1742.903766
11/18/2013,1693.638614
11/19/2013,1698.098592
11/20/2013,1668.400474
11/21/2013,1673.032634
11/22/2013,1604.111959
11/23/2013,1566.195431
11/24/2013,1495.210526
11/25/2013,1565.871194
11/26/2013,1525.038369
11/27/2013,1509.503371
11/28/2013,1488.083532
11/29/2013,1418.521197
11/30/2013,1439.726962
12/1/2013,1331.14978
12/2/2013,1386.401425
12/3/2013,1389.923434
12/4/2013,1386.815242
12/5/2013,1375.486998
12/6/2013,1354.889952
12/7/2013,1383.255
12/8/2013,1293.055118
12/9/2013,1387.338028
12/10/2013,1368.666667
12/11/2013,1358.431604
12/12/2013,1359.861827
12/13/2013,1346.696517
12/14/2013,1268.140351
12/15/2013,1242.83913
12/16/2013,1348.827423
12/17/2013,1313.070423
12/18/2013,1308.645012
12/19/2013,1289.471154
12/20/2013,1255.703163
12/21/2013,1262.728426
12/22/2013,1179.932127
12/23/2013,1287.081886
12/24/2013,1269.112861
12/25/2013,1162.369718
12/26/2013,1242.425134
12/27/2013,1223.463014
12/28/2013,1242.146417
12/29/2013,1147.489209
12/30/2013,1218.292537
12/31/2013,1255.196429
1/1/2014,1196.554502
1/2/2014,1177.522876
1/3/2014,1184.675325
1/4/2014,1159.195067
1/5/2014,1071.21673
1/6/2014,1183.661826
1/7/2014,1169.373171
1/8/2014,1124.191667
1/9/2014,1127.903967
1/10/2014,1059.747748
1/11/2014,1011.245283
1/12/2014,1011.957692
1/13/2014,1081.949672
1/14/2014,989.3878788
1/15/2014,1031.104167
1/16/2014,1021.430736
1/17/2014,1026.268398
1/18/2014,1016.457746
1/19/2014,944.375
1/20/2014,1024.404814
1/21/2014,1012.802661
1/22/2014,990.8949672
1/23/2014,1012.337182
1/24/2014,981.5356322
1/25/2014,979.9296482
1/26/2014,965.6536313
1/27/2014,974.2423581
1/28/2014,963.9535963
1/29/2014,953.3210162
1/30/2014,933.4893617
1/31/2014,923.3493333
2/1/2014,905.0447761
2/2/2014,823.0566802
2/3/2014,912.7328918
2/4/2014,927.4696602
2/5/2014,887.10181
2/6/2014,883.3231441
2/7/2014,874.515625
2/8/2014,829.5594595
2/9/2014,791.4067797
2/10/2014,882.2244444
2/11/2014,879.3747277
2/12/2014,879.2876106
2/13/2014,849.877193
2/14/2014,862.0709046
2/15/2014,874.7848411
2/16/2014,779.1152263
2/17/2014,862.7934783
2/18/2014,860.1842105
2/19/2014,867.5111111
2/20/2014,876.4273128
2/21/2014,860.0907029
2/22/2014,873.9806295
2/23/2014,784.6482412
2/24/2014,893.7866972
2/25/2014,902.2684564
2/26/2014,892.7471783
2/27/2014,844.058104
2/28/2014,902.2469734
3/1/2014,900.2439614
3/2/2014,831.7843137
3/3/2014,926.0502092
3/4/2014,942.0379464
3/5/2014,955.9334764
3/6/2014,959.0732218
3/7/2014,961.4796574
3/8/2014,906.9398907
3/9/2014,883.9087302
3/10/2014,982.8454936
3/11/2014,979.0260304
3/12/2014,994.2818372
3/13/2014,1002.264392
3/14/2014,1007.72043
3/15/2014,1008.307692
3/16/2014,924.15625
3/17/2014,1083.426295
3/18/2014,1034.773148
3/19/2014,1012.417559
3/20/2014,1025.552402
3/21/2014,1020.015351
3/22/2014,1005.92233
3/23/2014,942.4796748
3/24/2014,1029.622517
3/25/2014,1054.693512
3/26/2014,1054.830803
3/27/2014,1035.711752
3/28/2014,1043.317568
3/29/2014,1066.516456
3/30/2014,973.9534884
3/31/2014,1068.488764
4/1/2014,1085.502475
4/2/2014,1075.223176
4/3/2014,1093.295983
4/4/2014,1088.620763
4/5/2014,1091.155093
4/6/2014,1013.77381
4/7/2014,1122.276169
4/8/2014,1129.57672
4/9/2014,1136.35618
4/10/2014,1081.639175
4/11/2014,1149.690789
4/12/2014,1114.097493
4/13/2014,1101.089744
4/14/2014,1102.139942
4/15/2014,1121.550964
4/16/2014,1215.037559
4/17/2014,1153.271795
4/18/2014,1116.142857
4/19/2014,1244.721461
4/20/2014,1142.407258
4/21/2014,1262.45354
4/22/2014,1278.978873
4/23/2014,1293.533654
4/24/2014,1301.411911
4/25/2014,1302.147971
4/26/2014,1331.699482
4/27/2014,1245.048309
4/28/2014,1328.260664
4/29/2014,1341.644444
4/30/2014,1427.75
5/1/2014,1283.779412
5/2/2014,1362.392683
5/3/2014,1388.475845
5/4/2014,1291.721311
5/5/2014,1388.174419
5/6/2014,1416.574822
5/7/2014,1408.802469
5/8/2014,1371
5/9/2014,1408.288095
5/10/2014,1363.061404
5/11/2014,1326.693966
5/12/2014,1423.368159
5/13/2014,1420.187192
5/14/2014,1415.155039
5/15/2014,1437.699029
5/16/2014,1431.603015
5/17/2014,1438.962687
5/18/2014,1339.320513
5/19/2014,1429.04717
5/20/2014,1440.284038
5/21/2014,1460.220982
5/22/2014,1442.840095
5/23/2014,1445.75644
5/24/2014,1424.84
5/25/2014,1355.552239
5/26/2014,1450.680851
5/27/2014,1456.44335
5/28/2014,1467.62954
5/29/2014,1441.961353
5/30/2014,1458.050119
5/31/2014,1483.021538
6/1/2014,1353.022936
6/2/2014,1456.52381
6/3/2014,1455.822384
6/4/2014,1462.100457
6/5/2014,1474.169903
6/6/2014,1448.425532
6/7/2014,1468.678571
6/8/2014,1377.325893
6/9/2014,1477.351163
6/10/2014,1480.60373
6/11/2014,1473.190255
6/12/2014,1473.760181
6/13/2014,1483.969925
6/14/2014,1414.65407
6/15/2014,1415.166667
6/16/2014,1519.688787
6/17/2014,1526.974828
6/18/2014,1550.09324
6/19/2014,1550.335601
6/20/2014,1515.594907
6/21/2014,1552.373762
6/22/2014,1483.457944
6/23/2014,1586.169451
6/24/2014,1597.575243
6/25/2014,1582.866029
6/26/2014,1595.364055
6/27/2014,1599.530952
6/28/2014,1617.005208
6/29/2014,1541.902174
6/30/2014,1630.273657
7/1/2014,1632.366292
7/2/2014,1653.188161
7/3/2014,1648.377682
7/4/2014,1637.588106
7/5/2014,1668.580097
7/6/2014,1596.525292
7/7/2014,1662.982183
7/8/2014,1695.13964
7/9/2014,1695.796943
7/10/2014,1690.941964
7/11/2014,1704.04698
7/12/2014,1643.747253
7/13/2014,1611.760163
7/14/2014,1681.073991
7/15/2014,1727.137209
7/16/2014,1852.013453
7/17/2014,1718.017429
7/18/2014,1729.514349
7/19/2014,1708.858209
7/20/2014,1626.636364
7/21/2014,1720.181818
7/22/2014,1748.285398
7/23/2014,1775.676339
7/24/2014,1745.430493
7/25/2014,1735.249383
7/26/2014,1685.018817
7/27/2014,1650.314433
7/28/2014,1691.173077
7/29/2014,1704.690647
7/30/2014,1806.07
7/31/2014,1795.80109
8/1/2014,1777.844639
8/2/2014,1803.071429
8/3/2014,1702.073913
8/4/2014,1803.333333
8/5/2014,1838.435294
8/6/2014,1838.466814
8/7/2014,1904.124736
8/8/2014,1913.229358
8/9/2014,1875.456091
8/10/2014,1892.988739
8/11/2014,1969.5181
8/12/2014,1960.313924
8/13/2014,2004.391892
8/14/2014,1991.381279
8/15/2014,1909.604255
8/16/2014,1989.958128
8/17/2014,1950.734783
8/18/2014,2011.679587
8/19/2014,1992.327014
8/20/2014,1956.157044
8/21/2014,1996.457831
8/22/2014,1982.791667
8/23/2014,1988.919395
8/24/2014,1962.099099
8/25/2014,2021.327411
8/26/2014,2009.164251
8/27/2014,1977.897375
8/28/2014,1977.783251
8/29/2014,1990.782946
8/30/2014,1972.038576
8/31/2014,1995.666667
9/1/2014,2040.206549
9/2/2014,1973.21447
9/3/2014,2089.608491
9/4/2014,2081.502193
9/5/2014,2068.96934
9/6/2014,2003.610526
9/7/2014,2092.729858
9/8/2014,2007.925072
9/9/2014,2083.774026
9/10/2014,2130.589165
9/11/2014,2132.677273
9/12/2014,2128.963134
9/13/2014,2022.674772
9/14/2014,2039.684444
9/15/2014,2105.654321
9/16/2014,2155.21028
9/17/2014,2170.428224
9/18/2014,2068.836186
9/19/2014,2064.178174
9/20/2014,2067.817308
9/21/2014,1998.04646
9/22/2014,2082.88255
9/23/2014,2124.404878
9/24/2014,2145.228205
9/25/2014,2152.074879
9/26/2014,2068.33455
9/27/2014,2120.819338
9/28/2014,2119.710784
9/29/2014,2204.797101
9/30/2014,2177.744186
10/1/2014,2096.674863
10/2/2014,2049.034014
10/3/2014,2022.195946
10/4/2014,2134.390533
10/5/2014,2032.693333
10/6/2014,2059.568493
10/7/2014,2156.538889
10/8/2014,2169.678756
10/9/2014,2120.536613
10/10/2014,2111.689462
10/11/2014,2056.101648
10/12/2014,2042.59761
10/13/2014,2106.114607
10/14/2014,2097.913551
10/15/2014,2101.464692
10/16/2014,2075.9425
10/17/2014,2104.515837
10/18/2014,2128.473068
10/19/2014,2020.473029
10/20/2014,2098.602871
10/21/2014,2109.693002
10/22/2014,2090.731458
10/23/2014,2172.75974
10/24/2014,2176.654275
10/25/2014,2150.205405
10/26/2014,2073.465217
10/27/2014,2146.316854
10/28/2014,2134.364734
10/29/2014,2139.52809
10/30/2014,2145.894253
10/31/2014,2139.397727
11/1/2014,2147.150997
11/2/2014,2089.622318
11/3/2014,2098.665768
11/4/2014,2203.740331
11/5/2014,2198.211587
11/6/2014,2179.564033
11/7/2014,2197.728814
11/8/2014,2119.62766
11/9/2014,2123.712062
11/10/2014,2202.008715
11/11/2014,2178.670404
11/12/2014,2170.338174
11/13/2014,2161.298056
11/14/2014,2123.23348
11/15/2014,2128.165854
11/16/2014,2039.243028
11/17/2014,2104.408983
11/18/2014,2088.794055
11/19/2014,2121.716904
11/20/2014,2094.482833
11/21/2014,2045.470085
11/22/2014,2067.754023
11/23/2014,1998.871486
11/24/2014,2070.63029
11/25/2014,2042.413502
11/26/2014,2022.060166
11/27/2014,1971.54918
11/28/2014,1919.746914
11/29/2014,1903.807692
11/30/2014,1922.302198
12/1/2014,1834.131749
12/2/2014,1767.98125
12/3/2014,1665.142857
12/4/2014,1677.242661
12/5/2014,1638.217021
12/6/2014,1683.576233
12/7/2014,1552.798387
12/8/2014,1552.579741
12/9/2014,1558.74538
12/10/2014,1485.157428
12/11/2014,1494.946
12/12/2014,1405.683333
12/13/2014,1329.872396
12/14/2014,1333.153543
12/15/2014,1380.120614
12/16/2014,1335.01636
12/17/2014,1374.302789
12/18/2014,1313.343023
12/19/2014,1268.92
12/20/2014,1287.519824
12/21/2014,1189.113139
12/22/2014,1237.10978
12/23/2014,1243.480084
12/24/2014,1197.834356
12/25/2014,1050.196185
12/26/2014,1128.085239
12/27/2014,1120.019956
12/28/2014,1111.720339
12/29/2014,1088.789264
12/30/2014,1094.526205
12/31/2014,1106.240535
1/1/2015,1075.977597
1/2/2015,981.1344196
1/3/2015,1000.132883
1/4/2015,969.8037037
1/5/2015,1074.085317
1/6/2015,1052.108818
1/7/2015,1057.441774
1/8/2015,1041.534323
1/9/2015,995.3274854
1/10/2015,905.8969555
1/11/2015,944.9794521
1/12/2015,982.7898148
1/13/2015,968.3085714
1/14/2015,1012.495951
1/15/2015,960.8544699
1/16/2015,956.9233645
1/17/2015,952.8635438
1/18/2015,853.9013158
1/19/2015,939.0469925
1/20/2015,912.164
1/21/2015,930.0230326
1/22/2015,895.6193416
1/23/2015,914.6687631
1/24/2015,916.5757576
1/25/2015,807.788
1/26/2015,778.8936877
1/27/2015,812.4349594
1/28/2015,929.223092
1/29/2015,863.6716418
1/30/2015,861.3327239
1/31/2015,937.0936073
2/1/2015,760
2/2/2015,848.039924
2/3/2015,862.9826087
2/4/2015,849.4183267
2/5/2015,847.7377495
2/6/2015,839.3747698
2/7/2015,835.2967146
2/8/2015,719.692953
2/9/2015,836.5601504
2/10/2015,819.0254902
2/11/2015,817.6628352
2/12/2015,812.9146341
2/13/2015,802.8846154
2/14/2015,733.1855037
2/15/2015,694.3105802
2/16/2015,795.5364892
2/17/2015,697.4333333
2/18/2015,815.9289883
2/19/2015,776.9353448
2/20/2015,781.1611002
2/21/2015,791.0252101
2/22/2015,714.5461255
2/23/2015,792.3762376
2/24/2015,771.4010989
2/25/2015,786.7223265
2/26/2015,769.6003717
2/27/2015,757.68591
2/28/2015,778.9170507
3/1/2015,669.2063197
3/2/2015,761.553719
3/3/2015,759.0815451
3/4/2015,765.7248062
3/5/2015,796.9075342
3/6/2015,919.4592593
3/7/2015,794.6027397
3/8/2015,649.0662021
3/9/2015,744.8169557
3/10/2015,767.7769231
3/11/2015,770.9747292
3/12/2015,757.5966543
3/13/2015,747.2662835
3/14/2015,656.3528037
3/15/2015,669.9063545
3/16/2015,736.4842301
3/17/2015,776.4650735
3/18/2015,753.1762523
3/19/2015,742.7121495
3/20/2015,729.1570577
3/21/2015,744.6517857
3/22/2015,646.8790036
3/23/2015,723.8158915
3/24/2015,732.672381
3/25/2015,729.7151394
3/26/2015,737.0228261
3/27/2015,688.1719057
3/28/2015,739.4060847
3/29/2015,647.2673913
3/30/2015,684.4170306
3/31/2015,705.6585903
4/1/2015,690.4115139
4/2/2015,607.078759
4/3/2015,607.8458647
4/4/2015,688.3204301
4/5/2015,582.6441281
4/6/2015,680.1830986
4/7/2015,678.6086957
4/8/2015,555.3176972
4/9/2015,653.6231061
4/10/2015,651.8378906
4/11/2015,599.6363636
4/12/2015,573.9713262
4/13/2015,682.7357294
4/14/2015,546.4262735
4/15/2015,575.9217002
4/16/2015,715.4908676
4/17/2015,645.7208835
4/18/2015,678.178337
4/19/2015,560.6807692
4/20/2015,681.0578704
4/21/2015,678.4601064
4/22/2015,658.5169492
4/23/2015,660.7579618
4/24/2015,637.0107296
4/25/2015,651.3004808
4/26/2015,586.6893617
4/27/2015,646.8796681
4/28/2015,670.7761194
4/29/2015,677.2366864
4/30/2015,618.5012658
5/1/2015,572.7984085
5/2/2015,697.4350797
5/3/2015,599.7807018
5/4/2015,677.2962025
5/5/2015,713.8093995
5/6/2015,710.1806723
5/7/2015,738.8607889
5/8/2015,697.8470067
5/9/2015,632.5595855
5/10/2015,629.1423358
5/11/2015,732.2038627
5/12/2015,720.9613734
5/13/2015,764.9936575
5/14/2015,719.1609808
5/15/2015,708.472043
5/16/2015,706.4545455
5/17/2015,656.4087302
5/18/2015,716.22103
5/19/2015,719.8110599
5/20/2015,687.9826087
5/21/2015,732.1798715
5/22/2015,697.8849558
5/23/2015,741.4107143
5/24/2015,673.0765957
5/25/2015,728.4854586
5/26/2015,751.1788793
5/27/2015,733.5136842
5/28/2015,730.3839662
5/29/2015,711.6271552
5/30/2015,733.6563981
5/31/2015,692.0894737
6/1/2015,748.1389474
6/2/2015,772.8223235
6/3/2015,752.8248032
6/4/2015,763.0377734
6/5/2015,761.4316406
6/6/2015,773.3927039
6/7/2015,670.5543071
6/8/2015,766.258
6/9/2015,800.0333988
6/10/2015,818.1417476
6/11/2015,783.096
6/12/2015,793.6610169
6/13/2015,758.091623
6/14/2015,719.8277154
6/15/2015,794.7444219
6/16/2015,824.2382813
6/17/2015,803.0584795
6/18/2015,828.6811024
6/19/2015,822.5946502
6/20/2015,834.2909483
6/21/2015,760.323741
6/22/2015,852.8695652
6/23/2015,832.7795276
6/24/2015,810.4416342
6/25/2015,811.8167331
6/26/2015,812.0214592
6/27/2015,830.2662037
6/28/2015,762.2773109
6/29/2015,828.639839
6/30/2015,838.5296804
7/1/2015,832.6599598
7/2/2015,856.6380753
7/3/2015,838.3260437
7/4/2015,850.0021505
7/5/2015,767.1407942
7/6/2015,832.9463602
7/7/2015,851.2136929
7/8/2015,872.4373673
7/9/2015,830.6616702
7/10/2015,845.4490644
7/11/2015,798.3421053
7/12/2015,765.505618
7/13/2015,824.3284823
7/14/2015,841.1893004
7/15/2015,847.2427617
7/16/2015,835.0811404
7/17/2015,876.7465116
7/18/2015,768.659375
7/19/2015,750.0941176
7/20/2015,841.6919918
7/21/2015,852.7252747
7/22/2015,856.3929273
7/23/2015,833.1464968
7/24/2015,822.6997579
7/25/2015,849.4047059
7/26/2015,801.4765957
7/27/2015,858.0893246
7/28/2015,853.435518
7/29/2015,860.9898167
7/30/2015,849.4533898
7/31/2015,911.3554502
8/1/2015,908.8535469
8/2/2015,792.9928058
8/3/2015,866.7053045
8/4/2015,835.626
8/5/2015,843.7563353
8/6/2015,841.7077535
8/7/2015,844.544898
8/8/2015,817.8844221
8/9/2015,744.6052632
8/10/2015,821.6478873
8/11/2015,855.2914046
8/12/2015,859.4435798
8/13/2015,801.6076759
8/14/2015,777.9115479
8/15/2015,777.620438
8/16/2015,761.597786
8/17/2015,846.1955193
8/18/2015,865.111336
8/19/2015,863.8134921
8/20/2015,858.6748466
8/21/2015,848.8148893
8/22/2015,854.9040767
8/23/2015,754.5357143
8/24/2015,824.5146067
8/25/2015,851.5218295
8/26/2015,858.4586466
8/27/2015,793.6315789
8/28/2015,748.8130841
8/29/2015,827.0145349
8/30/2015,794.2946429
8/31/2015,843.16
9/1/2015,881.0635965
9/2/2015,774.2242991
9/3/2015,854.3167702
9/4/2015,854.7255717
9/5/2015,809.1763006
9/6/2015,773.7677903
9/7/2015,878.3934426
9/8/2015,871.6516393
9/9/2015,874.9108527
9/10/2015,877.7684631
9/11/2015,875.3535565
9/12/2015,822.3866667
9/13/2015,803.9584906
9/14/2015,872.3205418
9/15/2015,875.027027
9/16/2015,878.9941748
9/17/2015,866.0526316
9/18/2015,839.9230769
9/19/2015,910.8695652
9/20/2015,761.3859649
9/21/2015,804.2331155
9/22/2015,863.0924025
9/23/2015,864.7459677
9/24/2015,776.1543624
9/25/2015,865.1785714
9/26/2015,872.918552
9/27/2015,835.4599156
9/28/2015,862.4781659
9/29/2015,873.639413
9/30/2015,899.255079
10/1/2015,888.120614
10/2/2015,807.3055556
10/3/2015,916.8109244
10/4/2015,861.8428094
10/5/2015,916.6825397
10/6/2015,909.898374
10/7/2015,932.8164436
10/8/2015,895.2706612
10/9/2015,910.141573
10/10/2015,857.3037975
10/11/2015,840.8929889
10/12/2015,915.3906582
10/13/2015,953.1226611
10/14/2015,910.2409867
10/15/2015,908.2246521
10/16/2015,918.9104167
10/17/2015,942.5977273
10/18/2015,845.8560886
10/19/2015,915.8094218
10/20/2015,941.2396313
10/21/2015,966.3517241
10/22/2015,833.9090909
10/23/2015,806.6356589
10/24/2015,871.066474
10/25/2015,847.3140496
10/26/2015,915.0897155
10/27/2015,954.3791469
10/28/2015,952.4268537
10/29/2015,932.1839323
10/30/2015,950.2488889
10/31/2015,1007.322857
11/1/2015,865.1217712
11/2/2015,933.6933333
11/3/2015,949.6340956
11/4/2015,968.8921569
11/5/2015,924.6694915
11/6/2015,998.6575342
11/7/2015,1006.857471
11/8/2015,915.2695313
11/9/2015,1011.010799
11/10/2015,948.9805556
11/11/2015,1081.3625
11/12/2015,1136.496774
11/13/2015,1068.787342
11/14/2015,981.766129
11/15/2015,954.7908745
11/16/2015,1048.482328
11/17/2015,1081.865828
11/18/2015,1086.088296
11/19/2015,1058.457426
11/20/2015,1060.224359
11/21/2015,1067.728477
11/22/2015,986.2087912
11/23/2015,1061.0409
11/24/2015,1079.877378
11/25/2015,1063.853234
11/26/2015,1041.701271
11/27/2015,1058.124236
11/28/2015,1050.745283
11/29/2015,959.7782258
11/30/2015,1014.802247
12/1/2015,1004.245243
12/2/2015,1007.218992
12/3/2015,1064.483333
12/4/2015,1000.792261
12/5/2015,1039.395928
12/6/2015,896.3953488
12/7/2015,988.1656315
12/8/2015,994.7687747
12/9/2015,970.7353497
12/10/2015,947.3001949
12/11/2015,951.836
12/12/2015,904.5889724
12/13/2015,832.7208481
12/14/2015,925.7793522
12/15/2015,947.2635983
12/16/2015,969.5711207
12/17/2015,956.1766055
12/18/2015,920.1584821
12/19/2015,881.9803063
12/20/2015,796.225256
12/21/2015,871.5487078
12/22/2015,876.9211045
12/23/2015,923.3458333
12/24/2015,807.8914286
12/25/2015,753.037037
12/26/2015,865.4238579
12/27/2015,832.5541667
12/28/2015,880.5139186
12/29/2015,856.8839104
12/30/2015,888.0022124
12/31/2015,918.4987952
